agency_code,pct_ap_A_AM7_COURSES2,pct_ap_A_AS7_COURSES2,pct_ap_A_BL7_COURSES2,pct_ap_A_ELS_COURSES2,pct_ap_A_FEM_COURSES2,pct_ap_A_HI7_COURSES2,pct_ap_A_MALE_COURSES2,pct_ap_A_MU7_COURSES2,pct_ap_A_PI7_COURSES2,pct_ap_A_SWD_COURSES2,pct_ap_A_WH7_COURSES2,pct_ap_H_AM7_COURSES2,pct_ap_H_AS7_COURSES2,pct_ap_H_BL7_COURSES2,pct_ap_H_ELS_COURSES2,pct_ap_H_FEM_COURSES2,pct_ap_H_HI7_COURSES2,pct_ap_H_MALE_COURSES2,pct_ap_H_MU7_COURSES2,pct_ap_H_PI7_COURSES2,pct_ap_H_SWD_COURSES2,pct_ap_H_WH7_COURSES2,pct_ap_T_AM7_COURSES2,pct_ap_T_AS7_COURSES2,pct_ap_T_BL7_COURSES2,pct_ap_T_ELS_COURSES2,pct_ap_T_FEM_COURSES2,pct_ap_T_HI7_COURSES2,pct_ap_T_MALE_COURSES2,pct_ap_T_MU7_COURSES2,pct_ap_T_PI7_COURSES2,pct_ap_T_SWD_COURSES2,pct_ap_T_WH7_COURSES2,pct_ccp_A_AM7_COURSES2,pct_ccp_A_AS7_COURSES2,pct_ccp_A_BL7_COURSES2,pct_ccp_A_ELS_COURSES2,pct_ccp_A_FEM_COURSES2,pct_ccp_A_HI7_COURSES2,pct_ccp_A_MALE_COURSES2,pct_ccp_A_MU7_COURSES2,pct_ccp_A_PI7_COURSES2,pct_ccp_A_SWD_COURSES2,pct_ccp_A_WH7_COURSES2,pct_ccp_H_AM7_COURSES2,pct_ccp_H_AS7_COURSES2,pct_ccp_H_BL7_COURSES2,pct_ccp_H_ELS_COURSES2,pct_ccp_H_FEM_COURSES2,pct_ccp_H_HI7_COURSES2,pct_ccp_H_MALE_COURSES2,pct_ccp_H_MU7_COURSES2,pct_ccp_H_PI7_COURSES2,pct_ccp_H_SWD_COURSES2,pct_ccp_H_WH7_COURSES2,pct_ccp_M_FEM_COURSES2,pct_ccp_M_HI7_COURSES2,pct_ccp_M_MALE_COURSES2,pct_ccp_M_MU7_COURSES2,pct_ccp_M_SWD_COURSES2,pct_ccp_M_WH7_COURSES2,pct_ccp_T_AM7_COURSES2,pct_ccp_T_AS7_COURSES2,pct_ccp_T_BL7_COURSES2,pct_ccp_T_ELS_COURSES2,pct_ccp_T_FEM_COURSES2,pct_ccp_T_HI7_COURSES2,pct_ccp_T_MALE_COURSES2,pct_ccp_T_MU7_COURSES2,pct_ccp_T_PI7_COURSES2,pct_ccp_T_SWD_COURSES2,pct_ccp_T_WH7_COURSES2,pct_ib_H_AM7_COURSES2,pct_ib_H_AS7_COURSES2,pct_ib_H_BL7_COURSES2,pct_ib_H_ELS_COURSES2,pct_ib_H_FEM_COURSES2,pct_ib_H_HI7_COURSES2,pct_ib_H_MALE_COURSES2,pct_ib_H_MU7_COURSES2,pct_ib_H_PI7_COURSES2,pct_ib_H_SWD_COURSES2,pct_ib_H_WH7_COURSES2
00A000,,6.45,25.81,,80.65,6.45,19.35,5.0,,,58.06,,,,,,,,,,,,,,,,,,,,,,,,5.0,22.4,5.0,63.2,16.0,36.8,5.0,,5.0,55.2,,,,,,,,,,,,,,,,,,,,,,,,,,,,,,,,,,,,,,,
00B000,,,,,,,,,,,,,,,,,,,,,,,,,,,,,,,,,,,,35.29,,64.71,5.88,35.29,11.76,,17.65,47.06,,,,,,,,,,,,,,,,,,,,,,,,,,,,,,,,,,,,,,,
010303,,,,,,,,,,,,,,,,,,,,,,,,,,,,,,,,,,,,,,,,,,,,,5.0,5.0,19.9,5.0,64.92,26.18,35.08,5.24,,5.0,45.55,,,,,,,,,,,,,,,,,,,,,,,,,,,,
010324,,,,,,,,,,,,,5.0,12.12,5.0,57.07,10.1,42.93,5.0,,5.0,70.71,,,,,,,,,,,,,,,,,,,,,,,,5.0,24.13,5.0,41.23,12.77,58.77,5.0,5.0,12.99,57.14,,,,,,,,,,,,,,,,,,,,,,,,,,,,
010348,,,,,,,,,,,,,5.0,24.77,5.0,60.55,44.95,39.45,6.42,,5.0,19.27,,,,,,,,,,,,,,,,,,,,,,,5.0,5.0,27.65,8.11,47.19,46.99,52.81,5.0,,14.14,19.54,,,,,,,,,,,,,,,,,,,,,,,,,,,,
010360,,,,,,,,,,,,5.0,5.0,35.9,5.0,55.13,47.44,44.87,5.0,,,11.54,,,,,,,,,,,,,,,,,,,,,,,5.0,5.0,38.07,10.06,50.0,50.43,50.0,5.0,,13.51,6.75,,,,,,,,,,,,,,,,,,,,,,,,,,,,
010378,,,,,,,,,,,,,,,,,,,,,,,,,,,,,,,,,,,5.0,29.63,,33.33,,66.67,11.11,,55.56,55.56,,,,,,,,,,,,,,,,,,,,,,,,,,,,,,,,,,,,,,,
010388,,,,,,,,,,,,5.0,5.0,5.0,,57.48,9.45,42.52,5.0,,5.0,83.46,,,,,,,,,,,,,,,,,,,,,,,5.0,5.0,7.01,5.0,47.1,13.51,52.9,5.0,,9.18,75.76,,,,,,,,,,,,,,,,,,,,,,,,,,,,
010396,,,,,,,,,,,,,6.62,14.34,5.0,53.68,19.49,46.32,5.0,,5.0,55.15,,,,,,,,,,,,,,,,,,,,,,,5.0,5.0,34.83,5.0,46.84,25.36,53.16,5.3,5.0,11.1,31.06,,,,,,,,,,,,,,,,,,,,,,,,,,,,
010400,,,,,,,,,,,,,5.0,6.38,,56.38,7.09,43.62,5.0,,5.0,78.72,,,,,,,,,,,,,,,,,,,,,,,5.0,5.0,11.28,5.0,43.82,12.73,56.18,5.0,5.0,7.2,70.59,,,,,,,,,,,,,,,,,,,,,,,,,,,,
01B000,,5.0,20.59,,58.82,5.88,41.18,5.0,,,67.65,,,,,,,,,,,,,,,,,,,,,,,,5.13,28.21,,61.54,,38.46,5.13,,7.69,61.54,,,,,,,,,,,,,,,,,,,,,,,,,,,,,,,,,,,,,,,
01C000,,,,,,,,,,,,,,,,,,,,,,,,,,,,,,,,,,,,9.52,,69.05,7.14,30.95,5.0,,,80.95,,,,,,,,,,,,,,,,,,,,,,,,,,,,,,,,,,,,,,,
01D000,,,5.0,,52.27,,47.73,5.0,,5.0,93.18,,,,,,,,,,,,,,,,,,,,,,,,,,,44.44,,55.56,5.56,,,94.44,,,,,,,,,,,,,,,,,,,,,,,,,,,,,,,,,,,,,,,
020302,,,,,,,,,,,,,5.0,5.0,,62.35,5.0,37.65,5.0,,,91.18,,,,,,,,,,,,,,,,,,,,,,,5.0,5.0,5.0,5.0,47.92,7.72,52.08,5.0,,9.9,83.86,,,,,,,,,,,,,,,,,,,,,,,,,,,,
020303,,,,,,,,,,,,,,,,,,,,,,,,,,,,,,,,,,,,,,,,,,,,,,5.0,5.0,,55.38,17.69,44.62,5.0,,5.0,72.31,,,,,,,,,,,,,,,,,,,,,,,,,,,,
030304,,,,,,,,,,,,,,,,,,,,,,,,,,,,,,,,,,,,,,,,,,,,,5.0,5.0,5.0,5.0,50.5,20.0,49.5,5.0,,8.5,76.75,,,,,,,,,,,,,,,,,,,,,,,,,,,,
040304,,,,,,,,,,,,,,,,,,,,,,,,,,,,,,,,,,,,,,,,,,,,,,5.0,33.98,,67.96,5.0,32.04,5.0,,5.0,57.28,,,,,,,,,,,,,,,,,,,,,,,,,,,,
040305,,,,,,,,,,,,,,,,,,,,,,,,,,,,,,,,,,,,,,,,,,,,,,,,,,,,,,,,,,,,,,,,75.0,,39.29,5.0,60.71,,,7.14,21.43,,,,,,,,,,,
040306,,,,,,,,,,,,,5.56,38.89,,66.67,,33.33,,,,55.56,,,,,,,,,,,,,,,,,,,,,,,5.0,5.0,59.51,5.0,48.86,5.78,51.14,5.0,,9.59,29.38,,,,,,,,,,,,,,,,,,,,,,,,,,,,
050302,,,,,,,,,,,,,5.0,5.0,,72.92,5.21,27.08,5.0,,,91.67,,,,,,,,,,,,,,,,,,,,,,,,5.0,5.0,5.0,48.05,8.53,51.95,5.0,,9.28,89.52,,,,,,,,,,,,,,,,,,,,,,,,,,,,
060302,,,,,,,,,,,,,,,,,,,,,,,,,,,,,,,,,,,,,,,,,,,,,5.0,5.0,5.0,5.0,46.33,10.67,53.67,5.0,5.0,13.67,86.33,,,,,,,,,,,,,,,,,,,,,,,,,,,,
060334,,,,,,,,,,,,,,,,,,,,,,,,,,,,,,,,,,,,,,,,,,,,,,,,,,,,,,,,,,,,,,,,,,18.18,,81.82,,,27.27,95.0,,,,,,,,,,,
060700,,,,,,,,,,,,,5.0,,,58.33,5.0,41.67,,,5.0,95.0,,,,,,,,,,,,,,,,,,,,,,,,5.0,5.0,,62.59,5.0,37.41,,,5.0,94.24,,,,,,,,,,,,,,,,,,,,,,,,,,,,
060701,,,,,,,,,,,,,,,,,,,,,,,,,,,,,,,,,,,,,,,,,,,,,,,,5.66,50.94,16.98,49.06,,5.0,5.66,81.13,,,,,,,,,,,,,,,,,,,,,,,,,,,,
070310,,,,,,,,,,,,,,,,,,,,,,,,,,,,,,,,,,,,,,,,,,,,,,,,,,,,,,,,,,,,,,,,80.0,10.0,30.0,10.0,70.0,,,20.0,10.0,,,,,,,,,,,
070311,,,,,,,,,,,,,,,,,,,,,,,,,,,,,,,,,,,,,,,,,,,,,5.0,5.0,15.59,,65.05,26.88,34.95,5.0,,,53.23,,,,,,,,,,,,,,,,,,,,,,,,,,,,
070330,,,,,,,,,,,,,,5.0,,50.0,,50.0,5.0,,5.0,91.67,,,,,,,,,,,,,,,,,,,,,,,,5.0,17.31,5.0,47.76,10.15,52.24,5.0,,9.55,70.15,,,,,,,,,,,,,,,,,,,,,,,,,,,,
070339,,,,,,,,,,,,,,30.0,,70.0,5.0,30.0,6.67,,5.0,60.0,,,,,,,,,,,,,,,,,,,,,,,,5.0,35.28,5.0,45.36,12.2,54.64,5.31,,9.55,46.95,,,,,,,,,,,,,,,,,,,,,,,,,,,,
070342,,,,,,,,,,,,,,9.28,,63.92,5.15,36.08,,,,85.57,,,,,,,,,,,,,,,,,,,,,,,,5.0,36.68,5.0,52.58,15.9,47.42,5.0,5.0,9.31,44.13,,,,,,,,,,,,,,,,,,,,,,,,,,,,
080311,,,,,,,,,,,,,,,,,,,,,,,,,,,,,,,,,,,,,,,,,,,,,5.0,,58.96,5.0,59.54,5.0,40.46,5.0,,5.0,35.26,,,,,,,,,,,,,,,,,,,,,,,,,,,,
080312,,,,,,,,,,,,,,,,,,,,,,,,,,,,,,,,,,,,,,,,,,,,,,5.0,86.68,,46.72,5.0,53.28,5.0,,10.66,11.27,,,,,,,,,,,,,,,,,,,,,,,,,,,,
090330,,,,,,,,,,,,,,,,,,,,,,,,,,,,,,,,,,,,,,,,,,,,,5.0,5.0,48.28,5.0,50.45,10.53,49.55,5.0,,8.17,34.48,,,,,,,,,,,,,,,,,,,,,,,,,,,,
090368,,,,,,,,,,,,5.0,,9.23,,69.23,29.23,30.77,5.0,,5.0,56.92,,,,,,,,,,,,,,,,,,,,,,,5.0,5.0,26.08,5.0,52.16,22.53,47.84,5.0,,9.1,45.83,,,,,,,,,,,,,,,,,,,,,,,,,,,,
100307,,,,,,,,,,,,,,,,,,,,,,,,,,,,,,,,,,,,,,,,,,,,,,5.0,6.87,,59.54,16.03,40.46,7.25,,,67.56,,,,,,,,,,,,,,,,,,,,,,,,,,,,
100308,,,,,,,,,,,,,,,,,,,,,,,,,,,,,,,,,,,,,,,,,,,,,,,,,,,,,,,,,,,,,,,,15.66,5.0,43.37,12.05,56.63,5.0,,5.0,67.47,,,,,,,,,,,
100326,,,,,,,,,,,,,6.25,15.63,,56.25,9.38,43.75,5.0,,,64.06,,,,,,,,,,,,,,,,,,,,,,,5.0,5.0,24.1,5.0,46.09,12.42,53.91,5.0,5.0,7.83,56.65,,,,,,,,,,,,,,,,,,,,,,,,,,,,
100334,,,,,,,,,,,,5.0,5.0,5.0,,62.35,5.0,37.65,5.0,,,87.65,,,,,,,,,,,,,,,,,,,,,,,5.0,5.0,8.79,5.0,45.67,5.0,54.33,5.0,5.0,6.56,81.23,,,,,,,,,,,,,,,,,,,,,,,,,,,,
100348,,,,,,,,,,,,,5.0,5.0,,50.0,10.0,50.0,5.0,,5.0,83.33,,,,,,,,,,,,,,,,,,,,,,,5.0,5.0,13.57,5.0,47.11,12.77,52.89,5.0,5.0,6.29,68.36,,,,,,,,,,,,,,,,,,,,,,,,,,,,
110303,,,,,,,,,,,,,,,,,,,,,,,,,,,,,,,,,,,,,,,,,,,,,,5.0,12.5,5.0,43.75,8.75,56.25,10.0,,23.75,67.5,,,,,,,,,,,,,,,,,,,,,,,,,,,,
110304,,,,,,,,,,,,,5.0,5.0,,58.47,5.93,41.53,7.2,,5.93,82.2,,,,,,,,,,,,,,,,,,,,,,,5.0,5.0,9.84,5.0,47.42,9.6,52.58,7.03,5.0,16.04,71.43,,,,,,,,,,,,,,,,,,,,,,,,,,,,
110322,,,,,,,,,,,,,,,,,,,,,,,,,,,,,,,,,,,,,,,,,,,,,5.0,5.0,5.0,5.0,62.59,18.89,37.41,5.0,,5.0,70.74,,,,,,,,,,,,,,,,,,,,,,,,,,,,
110323,,,,,,,,,,,,,,,,,,,,,,,,,,,,,,,,,,,,,,,,,,,,,,5.0,7.41,,83.33,7.41,16.67,5.0,,11.11,79.63,,,,,,,,,,,,,,,,,,,,,,,,,,,,
110336,,,,,,,,,,,,,5.0,,5.0,55.74,5.74,44.26,5.0,,5.74,87.7,,,,,,,,,,,,,,,,,,,,,,,5.0,5.0,5.0,5.0,48.53,9.78,51.47,5.68,,17.61,79.84,,,,,,,,,,,,,,,,,,,,,,,,,,,,
110340,,,,,,,,,,,,,5.0,5.0,5.0,63.33,18.33,36.67,5.0,,5.0,73.33,,,,,,,,,,,,,,,,,,,,,,,,5.0,8.26,5.0,48.76,26.13,51.24,5.0,5.0,11.54,58.71,,,,,,,,,,,,,,,,,,,,,,,,,,,,
110352,,,,,,,,,,,,,5.0,5.0,,55.28,7.45,44.72,5.59,,5.0,83.23,,,,,,,,,,,,,,,,,,,,,,,5.0,5.0,5.0,5.0,48.67,14.32,51.33,5.0,5.0,14.07,78.2,,,,,,,,,,,,,,,,,,,,,,,,,,,,
110380,,,,,,,,,,,,,5.0,,,50.25,9.45,49.75,5.0,,,86.57,,,,,,,,,,,,,,,,,,,,,,,5.0,5.0,5.0,5.0,46.45,13.12,53.55,5.0,,11.51,82.6,,,,,,,,,,,,,,,,,,,,,,,,,,,,
110416,,,,,,,,,,,,,5.23,5.0,,58.43,6.1,41.57,5.0,,5.0,82.27,,,,,,,,,,,,,,,,,,,,,,,5.0,5.0,12.01,5.0,46.97,17.0,53.03,5.95,,9.67,62.81,,,,,,,,,,,,,,,,,,,,,,,,,,,,
110500,,,,,,,,,,,,,5.41,,,37.84,8.11,62.16,5.0,,5.0,83.78,,,,,,,,,,,,,,,,,,,,,,,5.0,5.0,5.0,,48.97,7.99,51.03,5.0,,5.0,83.25,,,,,,,,,,,,,,,,,,,,,,,,,,,,
111302,,,,,,,,,,,,5.0,5.0,5.0,,59.04,5.22,40.96,5.0,5.0,5.0,86.35,,,,,,,,,,,,,,,,,,,,,,,5.0,5.0,17.57,5.0,49.46,7.09,50.54,5.0,,9.24,68.88,,,,,,,,,,,,,,,,,,,,,,,,,,,,
111700,,,,,,,,,,,,,5.0,18.56,,64.07,10.18,35.93,5.0,,5.0,65.27,,,,,,,,,,,,,,,,,,,,,,,,5.0,16.85,5.0,57.68,10.49,42.32,5.0,,7.12,66.67,,,,,,,,,,,,,,,,,,,,,,,,,,,,
11D000,,,,,,,,,,,,,,,,,,,,,,,,,5.0,,34.78,5.0,65.22,5.0,,,86.96,,,,,,,,,,,,,,,,,,,,,,,,,,,,,,,6.67,,53.33,13.33,46.67,,,6.67,80.0,,,,,,,,,,,
120308,,,,,,,,,,,,,,,,,,,,,,,,,,,,,,,,,,,,,,,,,,,,,,,,,,,,,,,,,,,,,,,5.0,17.07,5.0,34.15,9.76,65.85,5.0,,17.07,70.73,,,,,,,,,,,
120310,,,,,,,,,,,,,,,,,,,,,,,,,,,,,,,,,,,,,,,,,,,,,,19.69,5.0,,67.72,5.51,32.28,5.0,,,70.87,,,,,,,,,,,,,,,,,,,,,,,,,,,,
120314,,,,,,,,,,,,,7.69,,,52.88,5.77,47.12,5.0,5.0,,81.73,,,,,,,,,,,,,,,,,,,,,,,,8.19,5.0,5.0,49.12,6.43,50.88,5.0,,9.21,81.58,,,,,,,,,,,,,,,,,,,,,,,,,,,,
120318,,,,,,,,,,,,,6.21,5.0,,54.66,11.8,45.34,5.0,5.0,,75.78,,,,,,,,,,,,,,,,,,,,,,,5.0,6.52,9.96,5.17,50.06,12.05,49.94,5.29,,11.69,66.05,,,,,,,,,,,,,,,,,,,,,,,,,,,,
120346,,,,,,,,,,,,,8.33,5.0,,62.5,5.0,37.5,,,,87.5,,,,,,,,,,,,,,,,,,,,,,,5.0,8.6,5.0,5.0,46.67,5.81,53.33,5.0,,9.25,79.78,,,,,,,,,,,,,,,,,,,,,,,,,,,,
120370,,,,,,,,,,,,5.0,5.0,5.0,,52.8,14.49,47.2,5.0,,5.0,77.1,,,,,,,,,,,,,,,,,,,,,,,5.0,5.0,5.0,6.97,47.24,21.71,52.76,5.0,5.0,7.76,67.89,,,,,,,,,,,,,,,,,,,,,,,,,,,,
130307,,,,,,,,,,,,5.0,13.29,13.69,,54.56,5.0,45.44,5.0,5.0,5.0,62.1,,,,,,,,,,,,,,,,,,,,,,,5.0,6.54,21.22,5.0,47.82,6.9,52.18,5.0,5.0,5.0,59.45,,,,,,,,,,,,,,,,,,,,,,,,,,,,
130310,,,,,,,,,,,,5.0,5.0,18.38,,52.57,7.72,47.43,5.0,,5.0,66.18,,,,,,,,,,,,,,,,,,,,,,,5.0,5.0,22.98,5.0,48.36,18.09,51.64,5.0,5.0,6.97,53.16,,,,,,,,,,,,,,,,,,,,,,,,,,,,
130314,,,,,,,,,,,,,5.03,6.29,,64.78,6.29,35.22,5.0,,,78.62,,,,,,,,,,,,,,,,,,,,,,,5.0,5.0,30.86,6.83,48.88,26.38,51.12,5.0,5.0,7.89,37.57,,,,,,,,,,,,,,,,,,,5.66,14.15,,62.26,5.0,37.74,5.0,,5.0,74.53
130316,,,,,,,,,,,,,5.0,7.3,5.0,56.22,16.31,43.78,5.0,5.0,,72.53,,,,,,,,,,,,,,,,,,,,,,,5.0,5.0,24.39,5.0,44.22,22.05,55.78,5.0,5.0,6.77,49.94,,,,,,,,,,,,,,,,,,,,,,,,,,,,
130317,,,,,,,,,,,,,,,,,,,,,,,,,,,,,,,,,,,,,,,,,,,,,,,,,,,,,,,,,,,,,,,,42.0,5.0,20.0,20.0,80.0,6.0,,10.0,32.0,,,,,,,,,,,
130324,,,,,,,,,,,,5.0,,5.0,,60.44,5.0,39.56,5.0,,,94.51,,,,,,,,,,,,,,,,,,,,,,,5.0,5.0,5.0,5.0,42.63,5.67,57.37,5.0,5.0,5.35,88.01,,,,,,,,,,,,,,,,,,,,,,,,,,,,
130326,,,,,,,,,,,,,5.0,9.39,5.0,61.03,8.92,38.97,5.0,,,76.06,,,,,,,,,,,,,,,,,,,,,,,5.0,5.0,22.59,5.0,51.27,18.34,48.73,5.0,5.0,7.5,51.77,,,,,,,,,,,,,,,,,,,,,,,,,,,,
130332,,,,,,,,,,,,5.0,10.45,13.43,5.0,53.48,5.0,46.52,5.0,5.0,5.0,67.16,,,,,,,,,,,,,,,,,,,,,,,5.0,5.0,22.4,5.0,43.58,7.29,56.42,5.0,5.0,5.0,61.63,,,,,,,,,,,,,,,,,,,,,,,,,,,,
130333,,,,,,,,,,,,,,,,,,,,,,,,,,,,,,,,,,,,,,,,,,,,,,,,,,,,,,,,,,,,,,,,14.86,5.41,54.05,20.27,45.95,6.76,,10.81,58.11,,,,,,,,,,,
130349,,,,,,,,,,,,,,,,,,,,,,,,,,,,,,,,,,,,,,,,,,,,,5.0,5.0,15.57,5.0,56.56,22.95,43.44,6.56,,5.0,49.18,,,,,,,,,,,,,,,,,,,,,,,,,,,,
130350,,,,,,,,,,,,,,,,,,,,,,,,,,,,,,,,,,,,,,,,,,,,,5.0,5.0,23.08,,72.22,22.65,27.78,5.0,,5.0,47.44,,,,,,,,,,,,,,,,,,,,,,,,,,,,
132304,,,,,,,,,,,,,5.0,11.04,,57.67,14.72,42.33,5.0,,,68.1,,,,,,,,,,,,,,,,,,,,,,,,5.0,32.04,6.62,46.73,30.43,53.27,5.0,5.0,7.43,30.91,,,,,,,,,,,,,,,,,,,,,,,,,,,,
13A000,,,26.09,,65.22,8.7,34.78,8.7,,5.0,56.52,,,,,,,,,,,,,,,,,,,,,,,,,32.93,5.0,53.66,17.07,46.34,10.98,,7.32,39.02,,,,,,,,,,,,,,,,,,,,,,,,,,,,,,,,,,,,,,,
140305,,,,,,,,,,,,,5.0,,,42.86,9.52,57.14,5.0,,5.0,80.95,,,,,,,,,,,,,,,,,,,,,,,,5.0,5.0,,53.68,7.79,46.32,5.0,,5.0,85.71,,,,,,,,,,,,,,,,,,,,,,,,,,,,
140306,,,,,,,,,,,,,,,,,,,,,,,,,,,,,,,,,,,,,,,,,,,,,,,,,,,,,,,,,,,,,,,,9.52,5.0,23.81,9.52,76.19,9.52,,19.05,71.43,,,,,,,,,,,
140309,,,,,,,,,,,,,,,,,,,,,,,,,,,,,,,,,,,,,,,,,,,,,5.0,5.0,5.0,,62.92,12.53,37.08,5.0,,5.0,80.68,,,,,,,,,,,,,,,,,,,,,,,,,,,,
140348,,,,,,,,,,,,,5.0,5.0,,60.94,5.0,39.06,5.0,5.0,,85.94,,,,,,,,,,,,,,,,,,,,,,,,5.0,11.24,5.0,50.6,9.88,49.4,5.0,5.0,7.84,74.79,,,,,,,,,,,,,,,,,,,,,,,,,,,,
140386,,,,,,,,,,,,,5.0,5.0,5.0,59.7,5.0,40.3,5.0,,5.0,90.05,,,,,,,,,,,,,,,,,,,,,,,5.0,5.0,5.0,5.0,48.93,6.6,51.07,5.0,,6.99,89.81,,,,,,,,,,,,,,,,,,,,,,,,,,,,
140390,,,,,,,,,,,,,,5.0,,46.81,12.77,53.19,6.38,,,76.6,,,,,,,,,,,,,,,,,,,,,,,,5.0,8.01,5.0,45.37,13.52,54.63,6.23,,9.79,71.89,,,,,,,,,,,,,,,,,,,,,,,,,,,,
150304,,,,,,,,,,,,,5.0,9.38,,46.88,,53.13,6.25,,,81.25,,,,,,,,,,,,,,,,,,,,,,,5.0,5.0,11.81,5.0,48.9,5.0,51.1,5.22,5.0,8.52,78.3,,,,,,,,,,,,,,,,,,,,,,,,,,,,
150350,,,,,,,,,,,,,,,,,,,,,,,,,,,,,,,,,,,,,,,,,,,,,,5.0,10.26,,55.77,5.0,44.23,5.0,,5.77,83.33,,,,,,,,,,,,,,,,,,,,,,,,,,,,
160313,,,,,,,,,,,,,,5.0,,60.0,,40.0,5.0,,,93.33,,,,,,,,,,,,,,,,,,,,,,,,5.0,9.86,,52.64,5.0,47.36,5.0,,11.06,83.41,,,,,,,,,,,,,,,,,,,,,,,,,,,,
160314,,,,,,,,,,,,5.0,5.0,5.0,,60.42,6.94,39.58,5.0,5.0,,81.94,,,,,,,,,,,,,,,,,,,,,,,5.0,5.0,5.0,5.0,46.57,5.84,53.43,5.0,5.0,5.4,85.26,,,,,,,,,,,,,,,,,,,,,,,,,,,,
160344,,,,,,,,,,,,,5.0,5.0,,66.39,8.4,33.61,5.0,,,81.51,,,,,,,,,,,,,,,,,,,,,,,5.0,5.0,5.25,5.0,47.64,10.39,52.36,7.14,5.0,7.24,75.55,,,,,,,,,,,,,,,,,,,,,,,,,,,,
170316,,,,,,,,,,,,,5.0,24.44,,57.78,11.11,42.22,5.56,,,57.78,,,,,,,,,,,,,,,,,,,,,,,5.0,5.0,36.12,5.0,44.6,8.35,55.4,5.0,,10.07,51.65,,,,,,,,,,,,,,,,,,,,,,,,,,,,
180308,,,,,,,,,,,,,5.0,5.0,,55.3,5.0,44.7,5.0,,,92.42,,,,,,,,,,,,,,,,,,,,,,,,5.0,5.0,5.0,50.8,6.8,49.2,5.0,,5.21,85.82,,,,,,,,,,,,,,,,,,,,,,,,,,,,
180320,,,,,,,,,,,,5.0,18.06,5.0,5.0,52.78,5.56,47.22,5.0,,,66.67,,,,,,,,,,,,,,,,,,,,,,,5.0,10.47,5.45,5.0,45.91,13.49,54.09,5.88,,5.0,64.56,,,,,,,,,,,,,,,,,,,,,,,,,,,,
180323,,,,,,,,,,,,,,,,,,,,,,,,,,,,,,,,,,,,,6.67,20.0,13.33,80.0,6.67,,73.33,80.0,,,,,,,,,,,,,,,,,,,,,,,,,,,,,,,,,,,,,,,
180325,,,,,,,,,,,,,,,,,,,,,,,,,,,,,,,,,,,,,,,,,,,,,,16.01,6.65,5.0,64.04,20.2,35.96,5.0,,5.0,54.43,,,,,,,,,,,,,,,,,,,,,,,,,,,,
180340,,,,,,,,,,,,,10.77,5.0,5.0,57.69,5.0,42.31,5.0,,,80.77,,,,,,,,,,,,,,,,,,,,,,,5.0,8.51,5.0,5.0,49.48,8.25,50.52,5.0,,5.28,75.9,,,,,,,,,,,,,,,,,,,,,,,,,,,,
180348,,,,,,,,,,,,,6.8,5.0,,55.1,5.0,44.9,5.0,5.0,,85.71,,,,,,,,,,,,,,,,,,,,,,,,6.13,5.86,5.0,49.86,8.86,50.14,5.86,,5.04,73.3,,,,,,,,,,,,,,,,,,,,,,,,,,,,
180376,,,,,,,,,,,,,6.32,5.0,,52.11,11.05,47.89,5.0,,,77.37,,,,,,,,,,,,,,,,,,,,,,,5.0,5.43,6.89,5.43,49.79,28.18,50.21,5.0,5.0,5.0,55.01,,,,,,,,,,,,,,,,,,,,,,,,,,,,
181318,,,,,,,,,,,,,,,,,,,,,,,,,,,,,,,,,,,,,,,,,,,,,,,,,,,,,,,,,,,,,,,5.0,24.63,5.0,66.42,18.66,33.58,9.7,,8.21,44.03,,,,,,,,,,,
181322,,,,,,,,,,,,,6.11,7.78,5.0,52.78,17.22,47.22,6.11,,5.0,62.78,,,,,,,,,,,,,,,,,,,,,,,5.0,5.05,22.08,7.22,43.87,24.39,56.13,6.49,,7.94,41.85,,,,,,,,,,,,,,,,,,,5.0,5.0,5.0,58.43,10.11,41.57,5.62,,,77.53
182316,,,,,,,,,,,,5.0,5.0,5.75,,47.13,13.79,52.87,5.0,,,71.26,,,,,,,,,,,,,,,,,,,,,,,5.0,5.0,14.07,7.03,47.34,29.33,52.66,7.89,,7.72,44.77,,,,,,,,,,,,,,,,,,,,,,,,,,,,
182700,,,,,,,,,,,,,5.0,5.0,,59.34,8.79,40.66,6.59,,,79.12,,,,,,,,,,,,,,,,,,,,,,,,5.0,5.83,,57.5,10.83,42.5,6.67,,,74.17,,,,,,,,,,,,,,,,,,,,,,,,,,,,
190310,,,,,,,,,,,,,,,,,,,,,,,,,,,,,,,,,,,,,,,,,,,,,,,32.14,5.0,46.43,39.29,53.57,,,14.29,28.57,,,,,,,,,,,,,,,,,,,,,,,,,,,,
190316,,,,,,,,,,,,,,6.78,,64.41,5.08,35.59,5.0,,,84.75,,,,,,,,,,,,,,,,,,,,,,,,5.0,11.05,5.0,50.0,10.26,50.0,5.0,,10.0,75.53,,,,,,,,,,,,,,,,,,,,,,,,,,,,
190336,,,,,,,,,,,,,5.0,5.0,5.29,58.82,61.76,41.18,5.0,,5.0,30.59,,,,,,,,,,,,,,,,,,,,,,,,5.0,12.61,11.2,48.88,59.94,51.12,5.0,,8.68,23.25,,,,,,,,,,,,,,,,,,,,,,,,,,,,
190342,,,,,,,,,,,,,5.0,6.55,,61.03,7.59,38.97,5.0,,5.0,82.76,,,,,,,,,,,,,,,,,,,,,,,5.0,5.0,13.12,5.0,48.41,14.81,51.59,5.0,,8.15,66.0,,,,,,,,,,,,,,,,,,,,,,,,,,,,
190501,,,,,,,,,,,,,,,,,,,,,,,,,,,,,,,,,,,,,,,,,,,,,,8.82,5.88,5.88,44.12,8.82,55.88,11.76,,8.82,64.71,,,,,,,,,,,,,,,,,,,,,,,,,,,,
19A000,,,,,,,,,,,,,,,,,,,,,,,,,,,,,,,,,,,,11.86,,48.31,5.0,51.69,5.0,,5.0,81.36,,,,,,,,,,,,,,,,,,,,,,,,,,,,,,,,,,,,,,,
19B000,,5.0,5.0,,55.1,6.12,44.9,5.0,5.0,5.0,88.78,,,,,,,,,,,,,,,,,,,,,,,,,,,,,,,,,,,,,,,,,,,,,,,,,,,,,,,,,,,,,,,,,,,,,,,,
200308,,,,,,,,,,,,,,,,,,,,,,,,,,,,,,,,,,,,,,,,,,,,,5.0,5.0,,5.0,46.06,6.06,53.94,5.0,,11.52,84.85,,,,,,,,,,,,,,,,,,,,,,,,,,,,
200314,,,,,,,,,,,,,,,,,,,,,,,,,,,,,,,,,,,,,,,,,,,,,5.0,,5.0,,50.55,5.0,49.45,5.0,,6.04,92.86,,,,,,,,,,,,,,,,,,,,,,,,,,,,
200322,,,,,,,,,,,,,,,,,,,,,,,,,,,,,,,,,,,,,,,,,,,,,,,,,,,,,,,,,,,,,,6.0,,5.0,5.0,34.0,5.0,66.0,5.0,,16.0,82.0,,,,,,,,,,,
200328,,,,,,,,,,,,5.0,,10.81,,62.16,5.0,37.84,5.0,,,81.08,,,,,,,,,,,,,,,,,,,,,,,5.0,5.0,5.0,,49.04,5.0,50.96,5.0,,7.42,85.89,,,,,,,,,,,,,,,,,,,,,,,,,,,,
200350,,,,,,,,,,,,,,,,,,,,,,,,,,,,,,,,,,,,,,,,,,,,,5.0,,,5.0,56.93,9.49,43.07,5.0,,5.0,85.4,,,,,,,,,,,,,,,,,,,,,,,,,,,,
210312,,,,,,,,,,,,,,24.59,,70.49,5.0,29.51,5.0,,5.0,68.85,,,,,,,,,,,,,,,,,,,,,,,,5.0,44.09,5.0,49.5,6.21,50.5,5.0,,8.62,46.49,,,,,,,,,,,,,,,,,,,,,,,,,,,,
220310,,,,,,,,,,,,,,,,75.0,8.33,25.0,,,,91.67,,,,,,,,,,,,,,,,,,,,,,,,,5.0,5.0,48.33,5.47,51.67,5.0,,8.51,92.4,,,,,,,,,,,,,,,,,,,,,,,,,,,,
230312,,,,,,,,,,,,5.0,5.0,7.5,,57.5,5.0,42.5,5.0,,,85.0,,,,,,,,,,,,,,,,,,,,,,,,5.0,13.91,5.0,49.04,6.34,50.96,5.0,,6.89,75.48,,,,,,,,,,,,,,,,,,,,,,,,,,,,
230322,,,,,,,,,,,,,,,,,,,,,,,,,,,,,,,,,,,,,,,,,,,,,,5.0,17.29,5.0,52.8,11.68,47.2,5.0,,5.0,65.89,,,,,,,,,,,,,,,,,,,,,,,,,,,,
230324,,,,,,,,,,,,,5.0,13.18,,55.45,5.0,44.55,5.0,,,79.09,,,,,,,,,,,,,,,,,,,,,,,,5.0,21.89,5.0,49.47,5.0,50.53,5.0,,7.22,69.47,,,,,,,,,,,,,,,,,,,,,,,,,,,,
230330,,,,,,,,,,,,,,,,,,,,,,,,,,,,,,,,,,,,,,,,,,,,,,,,,,,,,,,,,,,,,,,,45.35,,30.23,,69.77,11.63,,30.23,43.02,,,,,,,,,,,
230350,,,,,,,,,,,,5.0,6.32,10.53,,57.89,5.0,42.11,5.0,,,77.89,,,,,,,,,,,,,,,,,,,,,,,5.0,5.0,18.86,5.0,46.86,5.0,53.14,5.8,,7.07,69.65,,,,,,,,,,,,,,,,,,,,,,,,,,,,
230361,,,,,,,,,,,,,5.0,24.26,,54.44,5.0,45.56,5.0,,5.0,66.86,,,,,,,,,,,,,,,,,,,,,,,,5.0,53.34,5.0,46.51,6.69,53.49,5.0,,12.65,34.45,,,,,,,,,,,,,,,,,,,,,,,,,,,,
23A000,,,6.67,,66.67,6.67,33.33,,,,86.67,,,,,,,,,,,,,,,,,,,,,,,,,5.0,,32.5,10.0,67.5,5.0,,,80.0,,,,,,,,,,,,,,,,,,,,,,,,,,,,,,,,,,,,,,,
240334,,,,,,,,,,,,15.38,,38.46,,53.85,,46.15,5.13,,,41.03,,,,,,,,,,,,,,,,,,,,,,,21.38,,33.33,5.0,48.43,8.49,51.57,5.0,,7.55,33.33,,,,,,,,,,,,,,,,,,,,,,,,,,,,
240371,,,,,,,,,,,,,,5.0,,67.44,,32.56,5.0,,,93.02,,,,,,,,,,,,,,,,,,,,,,,5.0,,16.6,5.0,51.78,9.29,48.22,5.0,,5.93,72.53,,,,,,,,,,,,,,,,,,,,,,,,,,,,
240373,,,,,,,,,,,,,,,,,,,,,,,,,,,,,,,,,,,,,,,,,,,,,5.0,,22.22,5.0,56.83,10.48,43.17,5.0,5.0,7.62,60.95,,,,,,,,,,,,,,,,,,,,,,,,,,,,
240380,,,,,,,,,,,,5.0,,26.32,,81.58,,18.42,5.26,,5.0,65.79,,,,,,,,,,,,,,,,,,,,,,,5.0,,30.93,5.0,47.42,5.0,52.58,5.0,,5.84,59.45,,,,,,,,,,,,,,,,,,,,,,,,,,,,
241316,,,,,,,,,,,,,5.0,8.7,,60.87,13.04,39.13,5.0,,,69.57,,,,,,,,,,,,,,,,,,,,,,,5.0,,35.53,5.0,53.4,8.16,46.6,5.0,,5.0,52.23,,,,,,,,,,,,,,,,,,,,,,,,,,,,
24B000,,,,,,,,,,,,,,,,,,,,,,,,,,,,,,,,,,,,,,,,,,,,,,,,,,,,,,,,,,,,,,6.25,,12.5,,56.25,18.75,43.75,25.0,,6.25,37.5,,,,,,,,,,,
250314,,,,,,,,,,,,,,,,,,,,,,,,,,,,,,,,,,,,,,,,,,,,,,8.96,18.91,,54.73,12.94,45.27,5.0,,5.0,56.72,,,,,,,,,,,,,,,,,,,,,,,,,,,,
250321,,,,,,,,,,,,,,,,,,,,,,,,,,,,,,,,,,,,,,,,,,,,,5.0,5.0,15.93,5.0,48.9,8.79,51.1,5.0,5.0,5.0,67.03,,,,,,,,,,,,,,,,,,,,,,,,,,,,
250340,,,,,,,,,,,,,7.8,18.44,,67.38,9.22,32.62,5.67,5.0,,58.16,,,,,,,,,,,,,,,,,,,,,,,5.0,5.0,28.57,5.0,47.91,12.56,52.09,8.0,5.0,8.37,47.41,,,,,,,,,,,,,,,,,,,,,,,,,,,,
250356,,,,,,,,,,,,5.0,7.41,13.76,,60.32,5.82,39.68,5.0,,5.0,68.25,,,,,,,,,,,,,,,,,,,,,,,5.0,5.89,28.55,5.0,52.27,7.76,47.73,5.0,5.0,5.8,53.79,,,,,,,,,,,,,,,,,,,,,,,,,,,,
250372,,,,,,,,,,,,5.0,5.0,10.0,,61.43,5.0,38.57,5.0,,5.0,81.43,,,,,,,,,,,,,,,,,,,,,,,5.0,5.0,28.53,5.0,48.31,10.45,51.69,5.0,,8.05,56.92,,,,,,,,,,,,,,,,,,,,,,,,,,,,
260318,,,,,,,,,,,,5.0,11.66,17.59,5.0,60.33,13.5,39.67,9.2,5.0,5.0,46.63,,,,,,,,,,,,,,,,,,,,,,,5.0,5.0,32.42,5.0,46.59,14.68,53.41,8.64,5.0,5.91,38.01,,,,,,,,,,,,,,,,,,,,,,,,,,,,
260322,,,,,,,,,,,,,7.89,50.0,,57.89,7.89,42.11,5.26,,5.0,28.95,,,,,,,,,,,,,,,,,,,,,,,5.0,5.0,54.03,5.0,48.98,14.56,51.02,8.54,5.0,13.36,18.53,,,,,,,,,,,,,,,,,,,,,,,,,,,,
260325,,,,,,,,,,,,5.0,5.0,12.29,,60.34,9.5,39.66,5.0,,,67.6,,,,,,,,,,,,,,,,,,,,,,,5.0,5.0,26.3,5.0,49.05,9.23,50.95,6.51,5.0,10.88,53.59,,,,,,,,,,,,,,,,,,,,,,,,,,,,
260347,,,,,,,,,,,,,,,,,,,,,,,,,,,,,,,,,,,,,,,,,,,,,5.0,5.0,56.68,,71.12,18.18,28.88,6.95,,5.0,14.97,,,,,,,,,,,,,,,,,,,,,,,,,,,,
260354,,,,,,,,,,,,,,,,,,,,,,,,,,,,,,,,,,,,,,,,,,,,,5.0,5.0,51.88,5.0,63.16,15.41,36.84,10.15,5.0,5.0,15.41,,,,,,,,,,,,,,,,,,,,,,,,,,,,
260357,,,,,,,,,,,,5.0,5.0,18.18,,59.68,9.09,40.32,7.51,,,60.87,,,,,,,,,,,,,,,,,,,,,,,5.0,5.0,26.31,5.0,48.0,11.73,52.0,7.29,,8.36,50.67,,,,,,,,,,,,,,,,,,,,,,,,,,,,
260359,,,,,,,,,,,,5.0,5.0,69.84,,58.73,6.35,41.27,9.52,5.0,,9.52,,,,,,,,,,,,,,,,,,,,,,,5.0,5.0,71.25,5.0,48.18,9.79,51.82,5.85,5.0,11.69,10.58,,,,,,,,,,,,,,,,,,,,,,,,,,,,
260374,,,,,,,,,,,,,,,,,,,,,,,,,,,,,,,,,,,,,,,,,,,,,10.0,,72.5,5.0,65.0,10.0,35.0,5.0,,,5.0,,,,,,,,,,,,,,,,,,,,,,,,,,,,
260388,,,,,,,,,,,,,10.94,10.94,,67.19,10.94,32.81,7.81,5.0,,56.25,,,,,,,,,,,,,,,,,,,,,,,,5.0,25.0,,62.5,17.5,37.5,7.5,5.0,,42.5,,,,,,,,,,,,,,,,,,,,,,,,,,,,
260408,,,,,,,,,,,,5.0,5.0,21.93,,60.96,13.16,39.04,8.33,5.0,,51.32,,,,,,,,,,,,,,,,,,,,,,,5.0,5.0,45.54,5.0,49.92,13.29,50.08,7.54,5.0,9.08,30.96,,,,,,,,,,,,,,,,,,,,,,,,,,,,
260411,,,,,,,,,,,,,5.0,70.0,,63.33,5.0,36.67,6.67,,,16.67,,,,,,,,,,,,,,,,,,,,,,,,5.0,73.53,5.0,51.18,7.65,48.82,7.65,,5.0,10.0,,,,,,,,,,,,,,,,,,,,,,,,,,,,
260424,,,,,,,,,,,,,5.08,52.54,5.0,69.49,16.95,30.51,15.25,5.0,,8.47,,,,,,,,,,,,,,,,,,,,,,,5.0,5.0,70.1,5.0,49.51,12.11,50.49,6.67,5.0,12.19,8.81,,,,,,,,,,,,,,,,,,,,,,,,,,,,
260427,,,,,,,,,,,,8.7,5.0,34.78,,52.17,13.04,47.83,5.0,,,34.78,,,,,,,,,,,,,,,,,,,,,,,5.0,5.0,47.2,5.0,46.69,12.9,53.31,8.91,5.0,14.35,27.5,,,,,,,,,,,,,,,,,,5.0,5.0,18.97,,53.45,8.62,46.55,10.34,5.0,,53.45
260446,,,,,,,,,,,,5.0,8.06,11.39,,52.22,10.56,47.78,5.28,5.0,,63.89,,,,,,,,,,,,,,,,,,,,,,,5.0,5.0,43.82,5.0,48.65,11.54,51.35,6.48,5.0,8.48,34.16,,,,,,,,,,,,,,,,,,,,,,,,,,,,
260449,,,,,,,,,,,,,,,,,,,,,,,,,,,,,,,,,,,,,,,,,,,,,5.0,,75.31,5.0,40.74,5.0,59.26,12.35,,22.22,7.41,,,,,,,,,,,,,,,,,,,,,,,,,,,,
260455,,,,,,,,,,,,,,68.0,,76.0,,24.0,12.0,5.0,,16.0,,,,,,,,,,,,,,,,,,,,,,,5.0,5.0,65.85,5.0,47.63,12.07,52.37,8.6,5.0,11.81,10.65,,,,,,,,,,,,,,,,,,,,,,,,,,,,
260700,,,,,,,,,,,,,,,,,,,,,,,,,,,,,,,,,,,,,,,,,,,,,5.0,5.0,42.48,,67.7,12.39,32.3,7.52,,5.0,34.96,,,,,,,,,,,,,,,,,,,,,,,,,,,,
270306,,,,,,,,,,,,,,5.0,,64.04,5.0,35.96,6.14,,5.0,87.72,,,,,,,,,,,,,,,,,,,,,,,5.0,5.0,5.96,5.0,47.82,5.0,52.18,9.01,,9.16,81.4,,,,,,,,,,,,,,,,,,,,,,,,,,,,
270311,,,,,,,,,,,,,,,,,,,,,,,,,,,,,,,,,,,,,,,,,,,,,5.0,5.0,5.0,,62.54,6.53,37.46,7.22,5.0,5.0,82.82,,,,,,,,,,,,,,,,,,,,,,,,,,,,
280304,,,,,,,,,,,,,,,,,,,,,,,,5.56,,,61.11,16.67,38.89,5.0,,,75.0,,,,,,,,,,,,,,,,,,,,,,,,,,,,,,5.0,,5.0,43.87,12.9,56.13,5.0,,13.55,82.58,,,,,,,,,,,
280316,,,,,,,,,,,,5.0,5.0,5.0,,53.15,10.49,46.85,5.0,,5.0,81.12,,,,,,,,,,,,,,,,,,,,,,,5.0,5.0,7.31,5.0,40.94,18.71,59.06,5.0,,5.0,70.47,,,,,,,,,,,,,,,,,,,,,,,,,,,,
280330,,,,,,,,,,,,5.0,5.0,,,55.41,5.63,44.59,5.0,,5.0,88.74,,,,,,,,,,,,,,,,,,,,,,,5.0,5.0,,5.0,39.45,8.04,60.55,5.0,,6.53,87.69,,,,,,,,,,,,,,,,,,,,,,,,,,,,
290308,,,,,,,,,,,,,5.0,5.0,,58.93,5.36,41.07,5.0,,5.0,88.39,,,,,,,,,,,,,,,,,,,,,,,5.0,5.0,5.0,5.0,44.97,7.67,55.03,5.0,,13.36,84.79,,,,,,,,,,,,,,,,,,,,,,,,,,,,
290314,,,,,,,,,,,,,,,,,,,,,,,,,,,,,,,,,,,,,,,,,,,,,,,,,,,,,,,,,,,,,,,5.0,7.94,,53.97,5.0,46.03,5.0,,9.52,82.54,,,,,,,,,,,
290315,,,,,,,,,,,,,,,,,,,,,,,,,,,,,,,,,,,,,,,,,,,,,5.0,5.37,6.71,,61.74,15.44,38.26,5.37,,5.0,66.44,,,,,,,,,,,,,,,,,,,,,,,,,,,,
290324,,,,,,,,,,,,,5.0,5.0,,60.47,6.98,39.53,5.0,,,82.56,,,,,,,,,,,,,,,,,,,,,,,5.0,5.0,5.0,5.0,49.11,9.22,50.89,5.0,,14.03,86.24,,,,,,,,,,,,,,,,,,,,,,,,,,,,
290336,,,,,,,,,,,,,5.42,5.0,,65.02,6.4,34.98,5.0,,5.0,82.27,,,,,,,,,,,,,,,,,,,,,,,5.0,5.0,7.85,5.0,50.18,13.67,49.82,5.0,,7.85,72.89,,,,,,,,,,,,,,,,,,,,,,,,,,,,
290348,,,,,,,,,,,,5.0,5.0,5.0,,60.95,6.19,39.05,5.0,,5.0,85.71,,,,,,,,,,,,,,,,,,,,,,,5.0,5.0,5.0,5.0,49.9,6.36,50.1,5.0,,10.6,85.26,,,,,,,,,,,,,,,,,,,,,,,,,,,,
290349,,,,,,,,,,,,,,,,78.57,,21.43,,,,95.0,,,,,,,,,,,,,,,,,,,,,,,5.0,,5.54,,46.35,5.29,53.65,5.0,,11.59,87.15,,,,,,,,,,,,,,,,,,,,,,,,,,,,
290365,,,,,,,,,,,,,,,,71.43,5.0,28.57,,,,95.0,,,,,,,,,,,,,,,,,,,,,,,,5.0,5.0,5.0,44.86,5.0,55.14,5.0,,19.0,94.7,,,,,,,,,,,,,,,,,,,,,,,,,,,,
290388,,,,,,,,,,,,,5.0,5.0,,54.0,5.0,46.0,5.0,,,89.0,,,,,,,,,,,,,,,,,,,,,,,5.0,5.0,5.0,5.0,45.8,7.48,54.2,5.0,5.0,11.91,87.48,,,,,,,,,,,,,,,,,,,,,,,,,,,,
290389,,,,,,,,,,,,,,,,,,,,,,,,,,,,,,,,,,,,,,,,,,,,,,5.0,8.72,5.0,46.15,10.26,53.85,5.0,,5.0,76.41,,,,,,,,,,,,,,,,,,,,,,,,,,,,
291336,,,,,,,,,,,,5.0,6.96,24.35,,61.74,31.3,38.26,10.43,5.0,5.0,25.22,,,,,,,,,,,,,,,,,,,,,,,5.0,6.17,32.31,5.43,52.57,35.39,47.43,6.17,5.0,7.93,19.24,,,,,,,,,,,,,,,,,,,,,,,,,,,,
292324,,,,,,,,,,,,,5.0,30.67,,61.33,42.67,38.67,5.33,,,20.0,,,,,,,,,,,,,,,,,,,,,,,,5.0,42.91,6.0,51.64,32.36,48.36,5.0,,9.09,19.27,,,,,,,,,,,,,,,,,,,,,,,,,,,,
300312,,,,,,,,,,,,5.0,5.0,5.0,5.0,54.83,7.05,45.17,5.0,,,85.9,,,,,,,,,,,,,,,,,,,,,,,5.0,5.0,6.22,5.0,46.64,12.37,53.36,5.0,,10.46,77.1,,,,,,,,,,,,,,,,,,,,,,,,,,,,
300314,,,,,,,,,,,,,,,,,,,,,,,,,,,,,,,,,,,,,,,,,,,,,5.0,5.0,5.15,,66.91,23.53,33.09,5.0,,5.0,67.65,,,,,,,,,,,,,,,,,,,,,,,,,,,,
310338,,,,,,,,,,,,,,,,,,,,,,,,,,,,,,,,,,,,,,,,,,,,,5.0,5.0,24.62,5.0,65.83,38.69,34.17,5.0,5.0,5.0,33.17,,,,,,,,,,,,,,,,,,,,,,,,,,,,
310344,,,,,,,,,,,,,,5.0,,49.18,6.56,50.82,5.0,,,86.89,,,,,,,,,,,,,,,,,,,,,,,5.0,5.0,10.59,8.22,47.45,30.01,52.55,5.0,,5.85,56.16,,,,,,,,,,,,,,,,,,,,,,,,,,,,
310352,,,,,,,,,,,,,5.0,25.58,,46.51,27.91,53.49,,,,44.19,,,,,,,,,,,,,,,,,,,,,,,5.0,5.0,37.48,13.58,48.76,44.55,51.24,5.0,5.0,5.0,15.87,,,,,,,,,,,,,,,,,,,,,,,,,,,,
310364,,,,,,,,,,,,,,,,,,,,,,,,,9.09,,81.82,31.82,18.18,,,,59.09,,,,,,,,,,,,,,,,,,,,,,,,,,,,,,,9.82,7.02,50.53,45.61,49.47,5.0,,5.0,42.81,,,,,,,,,,,
310392,,,,,,,,,,,,,,21.43,,57.14,33.33,42.86,7.14,,,38.1,,,,,,,,,,,,,,,,,,,,,,,5.0,5.0,33.57,8.79,42.71,35.68,57.29,5.0,,6.5,26.89,,,,,,,,,,,,,,,,,,,,,,,,,,,,
320309,,,,,,,,,,,,,,,,,,,,,,,,,,,,,,,,,,,,,,,,,,,,,,5.0,63.03,5.0,63.87,26.89,36.13,5.0,5.0,5.0,5.04,,,,,,,,,,,,,,,,,,,,,,,,,,,,
320312,,,,,,,,,,,,5.0,9.72,18.85,5.0,51.79,8.93,48.21,5.0,,5.0,58.93,,,,,,,,,,,,,,,,,,,,,,,5.0,5.0,44.79,9.8,46.39,22.08,53.61,5.0,5.0,8.73,24.13,,,,,,,,,,,,,,,,,,,,,,,,,,,,
320314,,,,,,,,,,,,,,,,,,,,,,,,,45.45,,52.73,20.0,47.27,7.27,,7.27,27.27,,,,,,,,,,,,,,,,,,,,,,,,,,,,,,,,,,,,,,,,,,,,,,,,,,
320317,,,,,,,,,,,,,9.09,45.45,,81.82,28.57,18.18,6.49,,,10.39,,,,,,,,,,,,,,,,,,,,,,,,5.0,44.04,5.0,82.26,42.2,17.74,5.0,,5.0,6.73,,,,,,,,,,,,,,,,,,,,,,,,,,,,
320322,,,,,,,,,,,,,,,,,,,,,,,,,,,,,,,,,,,,,,,,,,,,,,,70.13,9.09,61.04,27.27,38.96,,,15.58,5.0,,,,,,,,,,,,,,,,,,,,,,,,,,,,
320323,,,,,,,,,,,,,,,,,,,,,,,5.0,7.73,20.44,,68.78,9.94,31.22,5.0,,5.0,56.63,,,,,,,,,,,,,,,,,,,,,,,,,,,,,,8.74,24.27,5.0,39.81,5.83,60.19,5.0,5.0,10.68,59.22,,,,,,,,,,,
320325,,,,,,,,,,,,,5.0,77.85,5.06,58.86,14.56,41.14,5.0,,5.0,5.0,,,,,,,,,,,,,,,,,,,,,,,5.0,5.0,78.66,5.96,48.26,15.51,51.74,5.0,,8.19,5.0,,,,,,,,,,,,,,,,,,,,90.72,,62.89,5.0,37.11,5.0,,5.0,5.0
320341,,,,,,,,,,,,,,,,,,,,,,,,,,,,,,,,,,,,,,,,,,,,,,,,,,,,,,,,,,,,,,,,69.49,11.86,25.42,20.34,74.58,5.0,,22.03,6.78,,,,,,,,,,,
320353,,,,,,,,,,,,,,,,,,,,,,,,,,,,,,,,,,,,,,,,,,,,,,5.0,22.92,5.0,59.38,32.81,40.63,5.0,,5.0,38.02,,,,,,,,,,,,,,,,,,,,,,,,,,,,
320356,,,,,,,,,,,,5.0,5.47,23.36,5.0,62.77,19.71,37.23,5.0,,5.0,47.08,,,,,,,,,,,,,,,,,,,,,,,5.0,5.0,47.07,9.1,40.96,26.01,59.04,5.0,5.0,13.0,20.94,,,,,,,,,,,,,,,,,,,,,,,,,,,,
320365,,,,,,,,,,,,,5.43,19.38,5.0,47.29,13.7,52.71,5.17,,5.0,56.33,,,,,,,,,,,,,,,,,,,,,,,5.0,5.0,36.57,8.78,42.49,26.86,57.51,5.0,5.0,7.66,29.72,,,,,,,,,,,,,,,,,,,,,,,,,,,,
320368,,,,,,,,,,,,5.0,5.0,52.85,5.0,60.98,33.33,39.02,5.0,5.0,5.0,5.0,,,,,,,,,,,,,,,,,,,,,,,5.0,5.0,57.69,9.74,45.38,34.87,54.62,5.0,5.0,13.21,5.0,,,,,,,,,,,,,,,,,,,,,,,,,,,,
320701,,,,,,,,,,,,,,70.91,5.0,40.0,14.55,60.0,,,,14.55,,,,,,,,,,,,,,,,,,,,,,,,5.0,80.0,5.0,37.45,13.09,62.55,5.0,,5.0,5.0,,,,,,,,,,,,,,,,,,,,,,,,,,,,
32L000,5.0,5.0,15.63,,50.0,5.0,50.0,5.0,5.0,5.63,74.38,,,,,,,,,,,,,,,,,,,,,,,5.0,5.0,24.34,5.0,37.45,5.0,62.55,5.0,,13.11,67.04,,,,,,,,,,,,,,,,,,,,,,,,,,,,,,,,,,,,,,,
32N000,,,,,,,,,,,,,19.82,6.45,,41.01,5.99,58.99,8.76,,5.0,58.99,,,,,,,,,,,,,,,,,,,,,,,,,,,,,,,,,,,,,,,,,,,,,,,,,,,,,,,,,,,,,
330326,,,,,,,,,,,,,,,,,,,,,,,,,,,,,,,,,,,,,,,,,,,,,,5.0,18.24,5.0,58.11,14.86,41.89,5.0,,5.0,64.19,,,,,,,,,,,,,,,,,,,,,,,,,,,,
330328,,,,,,,,,,,,,,66.67,,77.78,22.22,22.22,,,5.56,11.11,,,,,,,,,,,,,,,,,,,,,,,,,83.75,5.0,50.63,10.0,49.38,5.0,,16.88,5.63,,,,,,,,,,,,,,,,,,,,,,,,,,,,
330350,,,,,,,,,,,,,,27.5,,65.0,5.0,35.0,7.5,,,62.5,,,,,,,,,,,,,,,,,,,,,,,5.0,5.0,42.21,5.0,54.01,9.38,45.99,5.0,5.0,8.47,44.33,,,,,,,,,,,,,,,,,,,,,,,,,,,,
330358,,,,,,,,,,,,,,50.0,,77.27,13.64,22.73,5.0,,,31.82,,,,,,,,,,,,,,,,,,,,,,,,,69.79,5.0,52.5,8.75,47.5,5.0,,6.04,19.17,,,,,,,,,,,,,,,,,,,,,,,,,,,,
33A000,,,,,,,,,,,,,,,,,,,,,,,,,,,,,,,,,,,5.0,40.12,5.0,52.47,12.35,47.53,5.0,,9.26,45.06,,,,,,,,,,,,,,,,,,,,,,,,,,,,,,,,,,,,,,,
340311,,,,,,,,,,,,,6.23,19.72,,34.95,9.69,65.05,5.0,5.0,5.0,59.52,,,,,,,,,,,,,,,,,,,,,,,5.0,5.0,31.35,5.0,37.07,14.85,62.93,5.0,5.0,5.83,46.42,,,,,,,,,,,,,,,,,,,,,,,,,,,,
340330,,,,,,,,,,,,,,62.86,,48.57,25.71,51.43,5.71,,5.0,5.71,,,,,,,,,,,,,,,,,,,,,,,,5.0,69.35,8.39,56.45,23.87,43.55,5.0,,14.52,5.0,,,,,,,,,,,,,,,,,,,,,,,,,,,,
340336,,,,,,,,,,,,,,,,,,,,,,,,,,,,,,,,,,,,,,,,,,,,,5.0,5.0,33.33,15.87,42.06,26.98,57.94,6.35,,95.0,31.75,,,,,,,,,,,,,,,,,,,,,,,,,,,,
340362,,,,,,,,,,,,,,,,,,,,,,,,,,,,,,,,,,,,,,,,,,,,,5.0,11.28,18.68,,61.87,19.07,38.13,5.0,,,47.47,,,,,,,,,,,,,,,,,,,,,,,,,,,,
340364,,,,,,,,,,,,,5.0,10.19,5.0,58.33,10.19,41.67,5.0,,5.0,77.16,,,,,,,,,,,,,,,,,,,,,,,5.0,5.0,22.31,5.0,45.75,15.97,54.25,5.0,,11.98,57.52,,,,,,,,,,,,,,,,,,,,,,,,,,,,
340382,,,,,,,,,,,,5.0,5.0,11.19,,62.69,13.43,37.31,5.22,,5.0,67.16,,,,,,,,,,,,,,,,,,,,,,,5.0,5.0,25.34,7.99,50.23,34.09,49.77,5.0,,9.35,34.84,,,,,,,,,,,,,,,,,,,,,,,,,,,,
340385,,,,,,,,,,,,,,,,,,,,,,,,,,,,,,,,,,,,,,,,,,,,,,,,,,,,,,,,,,,,,,,,68.42,,31.58,15.79,68.42,,,15.79,15.79,,,,,,,,,,,
340398,,,,,,,,,,,,,,,,,,,,,,,,,,,,,,,,,,,,8.33,,75.0,8.33,25.0,16.67,,25.0,66.67,,,,,,,,,,,,,,,,,,,,,,,,,,,,,,,,,,,,,,,
340427,,,,,,,,,,,,,,,,,,,,,,,,,,,,,,,,,,,,37.5,,56.25,6.25,43.75,6.25,,37.5,50.0,,,,,,,,,,,,,,,,,,,,,,,,,,,,,,,,,,,,,,,
340446,,,,,,,,,,,,,,,,,,,,,,,,,,,,,,,,,,,,,,,,,,,,,,5.0,26.14,,68.18,12.5,31.82,6.82,,5.0,53.41,,,,,,,,,,,,,,,,,,,,,,,,,,,,
340454,,,,,,,,,,,,5.0,5.0,11.76,5.0,54.41,9.07,45.59,5.0,5.0,5.0,70.1,,,,,,,,,,,,,,,,,,,,,,,5.0,5.0,47.75,5.0,45.57,17.98,54.43,5.22,5.0,10.21,27.58,,,,,,,,,,,,,,,,,,,,,,,,,,,,
340460,,,,,,,,,,,,,5.0,20.9,,65.67,50.75,34.33,5.0,,,22.39,,,,,,,,,,,,,,,,,,,,,,,,5.0,39.19,7.47,48.99,39.5,51.01,5.0,,8.55,17.26,,,,,,,,,,,,,,,,,,,,,,,,,,,,
340486,,,,,,,,,,,,,,,,,,,,,,,,,,,,,,,,,,,,,,,,,,,,,5.0,5.0,41.2,10.56,48.39,45.45,51.61,5.0,5.0,10.26,9.09,,,,,,,,,,,,,,,,,,,5.0,34.44,5.0,61.11,28.89,38.89,5.56,,5.0,27.78
340488,,,,,,,,,,,,,,,,,,,,,,,,,,,,,,,,,,,,,,,,,,,,,,,,,,,,,,,,,,,,,,5.0,,27.15,13.12,59.28,66.06,40.72,5.0,,10.86,5.0,,,,,,,,,,,
340495,,,,,,,,,,,,,5.94,5.12,5.0,57.1,6.6,42.9,5.0,,5.0,79.37,,,,,,,,,,,,,,,,,,,,,,,5.0,5.0,15.13,5.0,45.5,8.59,54.5,5.0,5.0,10.02,68.61,,,,,,,,,,,,,,,,,,,,,,,,,,,,
340496,,,,,,,,,,,,5.0,5.22,12.83,5.0,56.3,7.17,43.7,5.0,,5.0,71.09,,,,,,,,,,,,,,,,,,,,,,,5.0,5.0,43.78,8.58,47.35,20.89,52.65,5.72,,11.16,25.32,,,,,,,,,,,,,,,,,,,,,,,,,,,,
340542,,,,,,,,,,,,,5.0,11.84,,53.95,11.84,46.05,5.0,,,73.68,,,,,,,,,,,,,,,,,,,,,,,,5.0,21.0,5.0,49.4,15.6,50.6,5.0,,13.8,60.6,,,,,,,,,,,,,,,,,,,,,,,,,,,,
340556,,,,,,,,,,,,,7.95,6.28,5.0,55.51,7.31,44.49,5.0,5.0,5.0,74.49,,,,,,,,,,,,,,,,,,,,,,,5.0,5.0,17.16,5.0,42.51,13.85,57.49,5.0,5.0,6.18,60.54,,,,,,,,,,,,,,,,,,,,,,,,,,,,
340568,,,,,,,,,,,,,,,,,,,,,,,,,85.71,,67.86,5.0,32.14,10.71,,5.0,,,,,,,,,,,,,,,,,,,,,,,,,,,,,,,,83.33,5.0,56.67,10.0,43.33,6.67,,11.11,,,,,,,,,,,,
34B000,,,,,,,,,,,,,,,,,,,,,,,,,,,,,,,,,,,,61.54,,61.54,38.46,38.46,,,,,,,,,,,,,,,,,,,,,,,,,,,,,,,,,,,,,,,,,,,
34D000,,,,,,,,,,,,,,,,,,,,,,,,,,,,,,,,,,,,45.16,6.45,58.06,54.84,41.94,,,6.45,,,,,,,,,,,,,,,,,,,,,,,,,,,,,,,,,,,,,,,,
34H000,,5.77,5.0,,59.62,5.77,40.38,5.0,5.0,,82.69,,,,,,,,,,,,,,,,,,,,,,,,5.0,5.0,,42.11,7.02,57.89,,5.0,,87.72,,,,,,,,,,,,,,,,,,,,,,,,,,,,,,,,,,,,,,,
350308,,,,,,,,,,,,5.0,,12.21,,56.49,11.45,43.51,5.0,,5.0,70.99,,,,,,,,,,,,,,,,,,,,,,,5.0,,23.32,5.0,48.48,18.14,51.52,5.0,5.0,13.11,53.35,,,,,,,,,,,,,,,,,,,,,,,,,,,,
350317,,,,,,,,,,,,,,,,,,,,,,,,,,,,,,,,,,,,,,,,,,,,,,5.0,23.89,,60.0,20.0,40.0,7.78,,5.0,45.0,,,,,,,,,,,,,,,,,,,,,,,,,,,,
350321,,,,,,,,,,,,,5.0,12.58,,56.6,10.06,43.4,5.0,,5.0,75.47,,,,,,,,,,,,,,,,,,,,,,,5.0,5.0,31.02,5.0,46.47,11.98,53.53,5.0,,12.34,52.81,,,,,,,,,,,,,,,,,,,,,,,,,,,,
350336,,,,,,,,,,,,,5.0,15.52,,58.62,10.34,41.38,5.17,,5.17,65.52,,,,,,,,,,,,,,,,,,,,,,,5.0,5.0,33.1,5.0,45.63,18.44,54.37,5.0,,12.06,44.44,,,,,,,,,,,,,,,,,,,,,,,,,,,,
360310,,,,,,,,,,,,5.0,5.0,19.11,,50.32,19.11,49.68,5.0,5.0,5.0,53.5,,,,,,,,,,,,,,,,,,,,,,,5.0,5.0,42.86,5.8,48.66,21.05,51.34,5.0,5.0,14.72,29.11,,,,,,,,,,,,,,,,,,,,,,,,,,,,
360336,,,,,,,,,,,,,,13.21,,52.83,11.32,47.17,5.66,,7.55,69.81,,,,,,,,,,,,,,,,,,,,,,,,5.0,23.78,5.0,44.51,8.94,55.49,5.0,,19.72,64.84,,,,,,,,,,,,,,,,,,,,,,,,,,,,
360337,,,,,,,,,,,,,,,,,,,,,,,,,,,,,,,,,,,,,,,,,,,,,,5.0,5.58,,69.1,14.59,30.9,5.0,,6.44,72.96,,,,,,,,,,,,,,,,,,,,,,,,,,,,
360360,,,,,,,,,,,,5.0,,5.0,,57.47,9.2,42.53,,,5.0,87.36,,,,,,,,,,,,,,,,,,,,,,,5.0,5.0,7.33,5.0,53.9,5.91,46.1,5.0,,16.55,82.03,,,,,,,,,,,,,,,,,,,,,,,,,,,,
360372,,,,,,,,,,,,,,,,,,,,,,,,,,,,,,,,,,,,,,,,,,,,,,,,,,,,,,,,,,,,,,,,34.62,5.0,28.85,5.77,71.15,5.77,,26.92,53.85,,,,,,,,,,,
360378,,,,,,,,,,,,,5.0,6.04,,61.54,5.0,38.46,5.0,,5.0,83.52,,,,,,,,,,,,,,,,,,,,,,,5.0,5.0,15.74,5.0,48.43,6.0,51.57,5.0,,15.44,71.51,,,,,,,,,,,,,,,,,,,,,,,,,,,,
360390,,,,,,,,,,,,,5.0,8.13,,65.04,6.5,34.96,5.0,,6.5,81.3,,,,,,,,,,,,,,,,,,,,,,,5.0,5.0,9.78,5.0,46.31,8.67,53.69,5.0,,16.97,76.94,,,,,,,,,,,,,,,,,,,,,,,,,,,,
360396,,,,,,,,,,,,5.0,5.0,10.68,5.0,50.18,9.25,49.82,5.0,,6.05,73.31,,,,,,,,,,,,,,,,,,,,,,,5.0,5.0,20.23,5.0,50.0,11.71,50.0,5.0,,11.85,61.27,,,,,,,,,,,,,,,,,,,,,,,,,,,,
360418,,,,,,,,,,,,,5.23,6.54,,56.21,5.0,43.79,8.5,,5.0,75.16,,,,,,,,,,,,,,,,,,,,,,,5.0,5.0,9.89,5.0,51.83,8.97,48.17,5.49,5.0,5.0,71.06,,,,,,,,,,,,,,,,,,,,,,,,,,,,
360428,,,,,,,,,,,,5.0,5.0,24.0,5.0,69.0,29.0,31.0,5.0,,5.0,40.0,,,,,,,,,,,,,,,,,,,,,,,5.0,5.0,43.37,5.0,48.91,19.05,51.09,5.0,,17.76,31.79,,,,,,,,,,,,,,,,,,,,,,,,,,,,
360470,,,,,,,,,,,,,5.0,5.56,5.0,56.35,9.52,43.65,5.0,,5.56,76.98,,,,,,,,,,,,,,,,,,,,,,,5.0,5.0,13.84,5.0,48.36,10.96,51.64,5.0,,15.21,69.59,,,,,,,,,,,,,,,,,,,,,,,,,,,,
360494,,,,,,,,,,,,,5.28,5.0,5.0,53.42,5.0,46.58,5.0,,5.0,83.23,,,,,,,,,,,,,,,,,,,,,,,5.0,5.0,7.5,5.0,43.86,5.42,56.14,5.0,5.0,9.41,78.95,,,,,,,,,,,,,,,,,,,,,,,,,,,,
36B000,,5.0,10.26,,71.79,,28.21,,,,87.18,,,,,,,,,,,,,,,,,,,,,,,,5.0,17.65,,61.76,10.29,38.24,,,,70.59,,,,,,,,,,,,,,,,,,,,,,,,,,,,,,,,,,,,,,,
36C000,5.0,5.0,10.6,,52.32,5.96,47.68,5.96,,5.0,73.51,,,,,,,,,,,,,,,,,,,,,,,5.0,,32.35,,26.47,5.0,73.53,5.88,,20.59,55.88,,,,,,,,,,,,,,,,,,,,,,,,,,,,,,,,,,,,,,,
370312,,,,,,,,,,,,,,7.14,,50.0,,50.0,7.14,,,85.71,,,,,,,,,,,,,,,,,,,,,,,5.0,5.0,29.1,5.0,50.0,5.0,50.0,5.0,5.0,7.94,64.02,,,,,,,,,,,,,,,,,,,,,,,,,,,,
380308,25.93,,,,62.96,,37.04,,,,74.07,,,,,,,,,,,,,,,,,,,,,,,13.03,5.0,5.0,5.0,55.56,5.0,44.44,5.0,,8.05,81.23,,,,,,,,,,,,,,,,,,,,,,,,,,,,,,,,,,,,,,,
390322,,,,,,,,,,,,,5.0,12.2,,48.78,14.63,51.22,5.0,,,68.29,,,,,,,,,,,,,,,,,,,,,,,5.0,5.0,32.24,5.0,43.27,19.8,56.73,5.0,,14.9,43.88,,,,,,,,,,,,,,,,,,,,,,,,,,,,
390323,,,,,,,,,,,,,,,,,,,,,,,,,,,,,,,,,,,,,,,,,,,,,,,25.59,5.0,70.62,23.7,29.38,5.0,,5.0,48.82,,,,,,,,,,,,,,,,,,,,,,,,,,,,
390324,,,,,,,,,,,,,7.69,53.85,,30.77,7.69,69.23,7.69,,,23.08,,,,,,,,,,,,,,,,,,,,,,,5.0,5.0,59.13,5.0,37.53,10.03,62.47,5.0,,14.91,26.74,,,,,,,,,,,,,,,,,,,,,,,,,,,,
390352,,,,,,,,,,,,5.0,,13.85,,60.0,10.77,40.0,6.15,,,68.46,,,,,,,,,,,,,,,,,,,,,,,5.0,5.0,24.39,5.0,50.41,14.31,49.59,5.0,,11.87,56.75,,,,,,,,,,,,,,,,,,,,,,,,,,,,
390700,,,,,,,,,,,,,5.0,14.44,5.0,62.22,6.67,37.78,,,,77.78,,,,,,,,,,,,,,,,,,,,,,,,5.0,28.43,5.0,57.36,9.14,42.64,5.0,,6.6,60.91,,,,,,,,,,,,,,,,,,,,,,,,,,,,
39A000,,,9.09,,40.91,,59.09,5.0,,,86.36,,,,,,,,,,,,,,,,,,,,,,,,,23.81,,52.38,,47.62,5.0,,38.1,71.43,,,,,,,,,,,,,,,,,,,,,,,,,,,,,,,,,,,,,,,
39B000,,,,,,,,,,,,,,,,,,,,,,,,5.0,8.99,,53.93,5.0,46.07,5.62,,5.0,80.9,,,,,,,,,,,,,,,,,,,,,,,,,,,,,,6.98,11.63,,48.84,5.0,51.16,5.0,,,74.42,,,,,,,,,,,
400308,,,,,,,,,,,,,,19.64,,48.21,10.71,51.79,,,,69.64,,,,,,,,,,,,,,,,,,,,,,,5.0,,39.64,5.0,47.04,25.49,52.96,5.0,,5.0,32.89,,,,,,,,,,,,,,,,,,,,,,,,,,,,
400315,,,,,,,,,,,,,,,,,,,,,,,,,,,,,,,,,,,,,,,,,,,,,,,19.02,,61.96,42.94,38.04,5.0,,,37.42,,,,,,,,,,,,,,,,,,,,,,,,,,,,
410319,,,,,,,,,,,,,7.58,57.58,6.06,62.12,28.79,37.88,,,,6.06,,,,,,,,,,,,,,,,,,,,,,,5.0,5.0,72.37,5.0,49.76,10.52,50.24,5.0,5.0,14.6,8.16,,,,,,,,,,,,,,,,,,,,,,,,,,,,
410326,,,,,,,,,,,,,,,,,,,,,,,,,,,,,,,,,,,,,,,,,,,,,5.0,5.0,85.98,5.0,95.0,6.54,,5.0,,5.0,5.0,,,,,,,,,,,,,,,,,,,,,,,,,,,,
410355,,,,,,,,,,,,,,81.94,5.0,62.58,12.26,37.42,5.0,,5.0,5.0,,,,,,,,,,,,,,,,,,,,,,,5.0,5.0,83.16,5.01,52.45,10.87,47.55,5.0,5.0,12.37,5.0,,,,,,,,,,,,,,,,,,,,,,,,,,,,
410358,,,,,,,,,,,,5.0,10.2,34.01,,59.86,11.56,40.14,6.8,,5.0,36.05,,,,,,,,,,,,,,,,,,,,,,,5.0,5.27,49.89,5.0,48.88,12.56,51.12,5.0,,14.13,26.57,,,,,,,,,,,,,,,,,,,,,,,,,,,,
410390,,,,,,,,,,,,5.0,5.0,44.44,,69.84,5.0,30.16,5.0,,,44.44,,,,,,,,,,,,,,,,,,,,,,,5.0,5.0,51.35,,72.07,6.31,27.93,5.0,,,36.04,,,,,,,,,,,,,,,,,,,,,,,,,,,,
410391,,,,,,,,,,,,,,,,,,,,,,,,5.0,34.92,,76.19,11.11,23.81,5.0,,,47.62,,,,,,,,,,,,,,,,,,,,,,,,,,,,,,,28.0,,76.0,16.0,24.0,,,,56.0,,,,,,,,,,,
410394,,,,,,,,,,,,5.0,5.0,14.34,5.0,51.47,5.35,48.53,5.0,5.0,5.0,71.68,,,,,,,,,,,,,,,,,,,,,,,5.0,5.0,48.79,5.02,41.52,9.69,58.48,5.0,,12.46,34.43,,,,,,,,,,,,,,,,,,5.0,7.86,15.72,,53.28,5.0,46.72,5.0,,,70.74
410395,,,,,,,,,,,,,41.75,7.77,,55.34,5.0,44.66,5.0,,,42.72,,,,,,,,,,,,,,,,,,,,,,,,45.26,9.47,,50.53,5.0,49.47,5.0,,,37.89,,,,,,,,,,,,,,,,,,,,,,,,,,,,
410399,,,,,,,,,,,,,,,,,,,,,,,,,,,,,,,,,,,,,,,,,,,,,5.0,5.0,51.89,,70.75,12.26,29.25,6.6,,5.0,24.53,,,,,,,,,,,,,,,,,,,,,,,,,,,,
410401,,,,,,,,,,,,,,,,,,,,,,,,,,,,,,,,,,,,,,,,,,,,,,9.69,31.63,,48.98,14.29,51.02,5.0,,5.61,39.8,,,,,,,,,,,,,,,,,,,,,,,,,,,,
410406,,,,,,,,,,,,,13.41,13.82,5.0,58.13,11.38,41.87,5.0,,5.0,57.72,,,,,,,,,,,,,,,,,,,,,,,5.0,11.26,42.8,11.26,49.06,18.9,50.94,5.0,5.0,13.64,22.15,,,,,,,,,,,,,,,,,,,13.91,10.43,5.0,57.39,6.96,42.61,5.0,,,66.96
410407,,,,,,,,,,,,,13.33,40.0,,66.67,20.0,33.33,13.33,,,13.33,,,,,,,,,,,,,,,,,,,,,,,5.0,5.0,40.54,5.0,63.96,34.23,36.04,5.41,,9.01,15.32,,,,,,,,,,,,,,,,,,,,,,,,,,,,
410408,,,,,,,,,,,,,,,,,,,,,,,,,,,,,,,,,,,,,,,,,,,,,,6.25,34.38,5.0,54.69,25.78,45.31,7.03,,5.0,26.56,,,,,,,,,,,,,,,,,,,,,,,,,,,,
410483,,,,,,,,,,,,,,,,,,,,,,,,,,,,,,,,,,,,,,,,,,,,,5.0,,86.55,5.0,,8.4,95.0,5.0,,5.04,5.0,,,,,,,,,,,,,,,,,,,,,,,,,,,,
410484,,,,,,,,,,,,5.0,5.0,42.97,5.0,64.06,19.53,35.94,7.03,,5.0,27.34,,,,,,,,,,,,,,,,,,,,,,,5.0,5.0,53.31,5.0,47.86,15.43,52.14,5.32,5.0,16.47,23.48,,,,,,,,,,,,,,,,,,,,,,,,,,,,
410489,,,,,,,,,,,,5.0,5.0,10.43,5.0,54.7,5.0,45.3,5.0,,,77.78,,,,,,,,,,,,,,,,,,,,,,,5.0,5.0,17.24,5.0,42.53,8.7,57.47,5.0,,8.05,68.8,,,,,,,,,,,,,,,,,,,,,,,,,,,,
410490,,,,,,,,,,,,5.0,7.48,5.0,,50.7,5.0,49.3,5.0,,5.0,80.49,,,,,,,,,,,,,,,,,,,,,,,,5.0,10.06,5.0,38.93,6.63,61.07,5.0,5.0,9.7,75.86,,,,,,,,,,,,,,,,,,,,,,,,,,,,
410508,,,,,,,,,,,,,5.0,19.25,5.0,55.34,11.58,44.66,5.0,,5.0,60.75,,,,,,,,,,,,,,,,,,,,,,,5.0,8.25,43.04,5.54,37.76,12.24,62.24,5.0,5.0,13.14,32.86,,,,,,,,,,,,,,,,,,,5.0,18.73,5.0,56.55,10.86,43.45,5.0,,,63.3
410529,,,,,,,,,,,,,17.54,18.95,5.0,57.19,5.0,42.81,5.0,,,56.49,,,,,,,,,,,,,,,,,,,,,,,5.0,11.48,37.99,5.93,45.74,13.59,54.26,5.07,,10.43,31.39,,,,,,,,,,,,,,,,,,,,,,,,,,,,
410533,,,,,,,,,,,,,,,,,,,,,,,,,,,,,,,,,,,,,,,,,,,,,,,,,,,,,,,,,,,,,,,,72.73,,18.18,9.09,81.82,9.09,,18.18,9.09,,,,,,,,,,,
410544,,,,,,,,,,,,,5.3,56.29,5.0,68.21,29.8,31.79,5.0,,5.0,5.96,,,,,,,,,,,,,,,,,,,,,,,5.0,9.11,54.81,11.94,51.48,27.34,48.52,5.0,5.0,16.05,5.0,,,,,,,,,,,,,,,,,,,16.05,46.91,5.0,62.96,30.86,37.04,5.0,,5.0,5.0
410545,,,,,,,,,,,,,28.57,36.36,,49.35,27.27,50.65,5.19,,,5.0,,,,,,,,,,,,,,,,,,,,,,,5.0,17.41,53.73,5.0,47.26,20.9,52.74,5.0,,5.0,5.0,,,,,,,,,,,,,,,,,,,,,,,,,,,,
410547,,,,,,,,,,,,5.0,5.0,20.27,,61.51,5.0,38.49,5.0,,5.0,70.1,,,,,,,,,,,,,,,,,,,,,,,5.0,5.0,27.58,5.0,46.74,6.12,53.26,5.0,,13.64,58.68,,,,,,,,,,,,,,,,,,,,,,,,,,,,
410556,,,,,,,,,,,,5.0,11.46,30.73,5.0,64.58,20.83,35.42,5.0,,5.0,32.29,,,,,,,,,,,,,,,,,,,,,,,5.0,7.96,37.09,8.81,49.57,25.09,50.43,5.0,,13.22,25.09,,,,,,,,,,,,,,,,,,,,,,,,,,,,
410562,,,,,,,,,,,,5.0,12.53,17.41,5.0,54.14,8.49,45.86,5.0,,5.0,56.48,,,,,,,,,,,,,,,,,,,,,,,5.0,9.7,33.99,5.0,44.56,9.01,55.44,5.0,,8.23,43.49,,,,,,,,,,,,,,,,,,,,,,,,,,,,
410569,,,,,,,,,,,,,37.21,30.23,,41.86,9.3,58.14,5.0,,,20.93,,,,,,,,,,,,,,,,,,,,,,,,23.86,42.61,,48.86,7.39,51.14,5.11,,5.0,21.02,,,,,,,,,,,,,,,,,,,,,,,,,,,,
410579,,,,,,,,,,,,,13.64,31.82,,62.12,15.15,37.88,6.06,,,33.33,,,,,,,,,,,,,,,,,,,,,,,5.0,9.9,42.57,5.0,62.38,14.85,37.62,5.0,,5.0,26.73,,,,,,,,,,,,,,,,,,,,,,,,,,,,
410589,,,,,,,,,,,,,5.0,13.82,,76.32,9.21,23.68,7.89,5.0,,63.16,,,,,,,,,,,,,,,,,,,,,,,,5.0,25.49,,70.59,13.73,29.41,5.88,5.0,,50.98,,,,,,,,,,,,,,,,,,,,,,,,,,,,
410595,,,,,,,,,,,,5.0,7.67,24.07,,62.96,12.17,37.04,5.0,5.0,,50.79,,,,,,,,,,,,,,,,,,,,,,,5.0,5.0,43.42,5.0,48.03,19.08,51.97,5.43,5.0,12.34,28.13,,,,,,,,,,,,,,,,,,,,,,,,,,,,
41F000,,5.66,56.6,5.0,67.92,11.32,32.08,5.0,,,22.64,,,,,,,,,,,,,,,,,,,,,,,,5.93,50.37,5.0,40.74,13.33,59.26,5.0,,5.93,26.67,,,,,,,,,,,,,,,,,,,,,,,,,,,,,,,,,,,,,,,
41G000,,,5.0,,59.09,5.0,40.91,5.0,,5.0,89.39,,,,,,,,,,,,,,,,,,,,,,,,,,,,,,,,,,,,,,,,,,,,,,,,,,,,,,,,,,,,,,,,,,,,,,,,
41K000,,,,,,,,,,,,,5.0,20.59,,47.06,8.82,52.94,5.88,,5.0,63.24,,,,,,,,,,,,,,,,,,,,,,,,,,,,,,,,,,,,,,,,,,,,,,,,,,,,,,,,,,,,,
420346,,,,,,,,,,,,,,,,,,,,,,,,,,,,,,,,,,,,,,,,,,,,,6.72,,85.82,5.0,53.73,5.0,46.27,5.0,5.0,15.67,5.0,,,,,,,,,,,,,,,,,,,,,,,,,,,,
420358,,,,,,,,,,,,,,,,,,,,,,,,,,,,,,,,,,,,,,,,,,,,,,,89.2,5.0,53.52,8.45,46.48,5.0,,5.63,5.0,,,,,,,,,,,,,,,,,,,,,,,,,,,,
421316,,,,,,,,,,,,,5.66,5.0,5.0,58.49,9.43,41.51,5.0,,5.0,79.25,,,,,,,,,,,,,,,,,,,,,,,5.0,5.0,24.87,5.0,48.08,5.0,51.92,5.0,5.0,9.36,65.13,,,,,,,,,,,,,,,,,,,,,,,,,,,,
422310,,,,,,,,,,,,,,81.25,,87.5,,12.5,6.25,,,12.5,,,,,,,,,,,,,,,,,,,,,,,5.0,,83.78,,76.35,,23.65,5.41,,,8.11,,,,,,,,,,,,,,,,,,,,,,,,,,,,
422315,,,,,,,,,,,,,,,,,,,,,,,,,,,,,,,,,,,,,,,,,,,,,,,95.0,,45.88,5.0,54.12,5.0,,6.47,5.0,,,,,,,,,,,,,,,,,,,,,,,,,,,,
430341,,,,,,,,,,,,,,,,,,,,,,,,,,,,,,,,,,,,,,,,,,,,,,5.0,32.61,,67.39,26.09,32.61,5.0,,5.0,34.78,,,,,,,,,,,,,,,,,,,,,,,,,,,,
430345,,,,,,,,,,,,,,,,,,,,,,,,,,,,,,,,,,,,,,,,,,,,,,,,,,,,,,,,,,,,,,,,45.45,5.0,24.24,12.12,75.76,9.09,,5.0,33.33,,,,,,,,,,,
430346,,,,,,,,,,,,,5.0,11.11,,66.67,17.22,33.33,5.0,,,66.67,,,,,,,,,,,,,,,,,,,,,,,5.0,5.0,18.1,5.0,51.92,23.65,48.08,5.0,,5.72,53.03,,,,,,,,,,,,,,,,,,,,,,,,,,,,
430371,,,,,,,,,,,,5.0,5.0,21.37,5.0,70.09,16.24,29.91,11.97,,,48.72,,,,,,,,,,,,,,,,,,,,,,,5.0,5.0,35.82,5.0,49.64,15.69,50.36,8.09,5.0,5.01,37.61,,,,,,,,,,,,,,,,,,,,,,,,,,,,
430378,,,,,,,,,,,,5.0,5.0,5.0,,59.68,7.26,40.32,5.0,,,83.87,,,,,,,,,,,,,,,,,,,,,,,5.0,5.0,24.32,5.01,46.72,18.94,53.28,5.0,5.0,7.65,49.73,,,,,,,,,,,,,,,,,,,,,,,,,,,,
430384,,,,,,,,,,,,,5.0,10.26,,60.68,14.53,39.32,5.13,5.0,5.0,65.81,,,,,,,,,,,,,,,,,,,,,,,5.0,5.0,18.55,5.0,49.86,19.56,50.14,5.14,5.0,6.24,55.19,,,,,,,,,,,,,,,,,,,,,,,,,,,,
440326,,,,,,,,,,,,,,,,,,,,,,,,,,,,,,,,,,,,,,,,,,,,,,,5.0,5.0,44.59,5.0,55.41,5.0,,5.41,89.19,,,,,,,,,,,,,,,,,,,,,,,,,,,,
440346,,,,,,,,,,,,,,,,,,,,,,,,,,,,,,,,,,,,,,,,,,,,,5.0,5.0,,,64.1,5.77,35.9,5.0,5.0,5.0,88.46,,,,,,,,,,,,,,,,,,,,,,,,,,,,
440378,,,,,,,,,,,,,5.0,,,61.62,13.13,38.38,5.0,,,84.85,,,,,,,,,,,,,,,,,,,,,,,5.0,5.0,5.0,5.0,43.1,6.43,56.9,5.0,,9.05,89.05,,,,,,,,,,,,,,,,,,,,,,,,,,,,
440390,,,,,,,,,,,,5.0,5.0,5.0,,56.56,5.0,43.44,,,5.0,92.62,,,,,,,,,,,,,,,,,,,,,,,5.0,5.0,5.0,5.0,45.79,7.8,54.21,5.0,,8.42,87.5,,,,,,,,,,,,,,,,,,,,,,,,,,,,
450316,,,,,,,,,,,,,5.0,5.0,,65.63,17.71,34.38,5.0,,,76.04,,,,,,,,,,,,,,,,,,,,,,,5.0,5.0,5.0,6.93,48.97,29.94,51.03,5.0,5.0,10.91,64.31,,,,,,,,,,,,,,,,,,,,,,,,,,,,
450334,,,,,,,,,,,,,5.0,5.0,5.0,60.58,5.29,39.42,5.0,5.0,5.0,86.06,,,,,,,,,,,,,,,,,,,,,,,,5.0,9.32,5.0,45.89,15.36,54.11,5.0,5.0,11.7,70.02,,,,,,,,,,,,,,,,,,,,,,,,,,,,
450341,,,,,,,,,,,,,5.0,5.0,,60.12,14.29,39.88,5.36,,5.0,76.79,,,,,,,,,,,,,,,,,,,,,,,5.0,5.0,5.0,6.24,42.72,30.51,57.28,5.0,5.0,15.12,62.41,,,,,,,,,,,,,,,,,,,,,,,,,,,,
450343,,,,,,,,,,,,,,,,,,,,,,,,,,,,,,,,,,,,,,,,,,,,,,,,,,,,,,,,,,,,,,,,5.0,5.34,40.46,20.61,59.54,8.4,,14.5,66.41,,,,,,,,,,,
450352,,,,,,,,,,,,,5.0,,,61.58,5.0,38.42,5.0,,,89.83,,,,,,,,,,,,,,,,,,,,,,,5.0,5.0,5.0,5.0,43.39,9.89,56.61,5.0,5.0,10.75,82.57,,,,,,,,,,,,,,,,,,,,,,,,,,,,
450354,,,,,,,,,,,,,,,,,,,,,,,,,,,,,,,,,,,,,,,,,,,,,5.0,5.0,5.0,,54.5,25.5,45.5,5.0,,5.0,65.0,,,,,,,,,,,,,,,,,,,,,,,,,,,,
460320,,,,,,,,,,,,,,,,,,,,,,,,,,,,,,,,,,,,,,,,,,,,,5.0,5.0,79.96,5.0,50.72,5.0,49.28,5.0,5.0,8.38,12.07,,,,,,,,,,,,,,,,,,,,,,,,,,,,
460322,,,,,,,,,,,,,,,,,,,,,,,,,,,,,,,,,,,,,,,,,,,,,5.0,5.0,57.41,,63.58,5.0,36.42,5.0,5.0,,33.33,,,,,,,,,,,,,,,,,,,,,,,,,,,,
460340,,,,,,,,,,,,,,,,,,,,,,,,,,,,,,,,,,,,,,,,,,,,,5.0,,86.36,,50.0,6.06,50.0,5.0,,5.0,5.0,,,,,,,,,,,,,,,,,,,,,,,,,,,,
470312,,,,,,,,,,,,5.0,5.0,33.93,5.0,52.5,25.71,47.5,8.57,,5.0,26.43,,,,,,,,,,,,,,,,,,,,,,,11.42,5.0,43.58,5.0,48.67,19.48,51.33,5.63,5.0,10.02,19.09,,,,,,,,,,,,,,,,,,,,,,,,,,,,
470342,,,,,,,,,,,,,,,,,,,,,,,,,,,,,,,,,,,,,,,,,,,,,,,,,,,,,,,,,,,,,,6.12,,61.22,5.0,36.73,6.12,63.27,12.24,,28.57,14.29,,,,,,,,,,,
470443,,,,,,,,,,,,,,,,,,,,,,,,,,,,,,,,,,,,,,,,,,,,,5.42,5.0,31.25,5.0,62.5,23.33,37.5,5.0,,5.0,32.92,,,,,,,,,,,,,,,,,,,,,,,,,,,,
480316,,,,,,,,,,,,,,,,,,,,,,,,,,,,,,,,,,,,,,29.27,26.83,70.73,,,,73.17,,,,,,,,,,,,,,,,,,,,,,,,,,,,,,,,,,,,,,,
480318,,,,,,,,,,,,,,,,,,,,,,,,,,,,,,,,,,,,,,,,,,,,,,,,,,,,,,,,,,,,,,,,30.1,5.0,47.57,11.65,52.43,5.0,,15.53,56.31,,,,,,,,,,,
490307,,,,,,,,,,,,,,,,,,,,,,,,,,,,,,,,,,,,,,,,,,,,,5.0,5.0,9.0,,57.0,14.0,43.0,5.0,,,70.0,,,,,,,,,,,,,,,,,,,,,,,,,,,,
490310,,,,,,,,,,,,,,,,,,,,,,,,,,,,,,,,,,,,,,,,,,,,,,,,,,,,,,,,,,,,,,,,13.56,,50.85,5.0,49.15,6.78,,5.0,76.27,,,,,,,,,,,
490320,,,,,,,,,,,,,,,,,,,,,,,,,,,,,,,,,,,,,,,,,,,,,5.0,5.7,9.65,,48.68,10.53,50.88,5.7,,5.0,67.98,,,,,,,,,,,,,,,,,,,,,,,,,,,,
490335,,,,,,,,,,,,5.0,5.0,5.0,5.0,54.03,5.0,45.97,5.0,,5.0,87.41,,,,,,,,,,,,,,,,,,,,,,,5.0,5.0,5.0,5.0,41.29,6.06,58.71,5.0,5.0,8.08,84.52,,,,,,,,,,,,,,,,,,,,,,,,,,,,
490346,,,,,,,,,,,,,,5.0,,55.56,7.14,44.44,5.0,,,91.27,,,,,,,,,,,,,,,,,,,,,,,,5.0,5.12,5.0,48.69,13.25,51.31,5.0,,8.01,79.0,,,,,,,,,,,,,,,,,,,,,,,,,,,,
490350,,,,,,,,,,,,,,,,,,,,,,,,,,,,,,,,,,,,28.72,5.0,42.55,15.96,57.45,5.32,,26.6,50.0,,,,,,,,,,,,,,,,,,,,,,,,,,,,,,,,,,,,,,,
490354,,,,,,,,,,,,5.0,5.0,16.67,,65.94,15.94,34.06,5.8,,5.0,57.97,,,,,,,,,,,,,,,,,,,,,,,5.0,5.0,47.03,5.93,45.99,20.03,54.01,5.04,,8.16,25.37,,,,,,,,,,,,,,,,,,,,,,,,,,,,
490355,,,,,,,,,,,,,,,,,,,,,,,,,,,,,,,,,,,,,,,,,,,,,5.0,6.22,19.56,5.0,74.22,12.0,25.78,5.0,,,58.67,,,,,,,,,,,,,,,,,,,,,,,,,,,,
490362,,,,,,,,,,,,5.0,5.01,5.0,5.0,55.94,8.44,44.06,5.0,,5.0,80.74,,,,,,,,,,,,,,,,,,,,,,,5.0,5.0,10.29,5.0,50.27,10.93,49.73,5.0,5.0,8.25,72.35,,,,,,,,,,,,,,,,,,5.0,10.53,5.0,,61.05,5.96,38.95,5.0,,,78.95
490380,,,,,,,,,,,,,,7.63,5.0,53.44,9.92,46.56,5.0,,,80.92,,,,,,,,,,,,,,,,,,,,,,,,5.0,15.81,5.0,44.43,11.15,55.57,5.0,,10.48,68.22,,,,,,,,,,,,,,,,,,,,,,,,,,,,
491312,,,,,,,,,,,,,5.0,5.88,,59.03,5.88,40.97,5.0,5.0,5.0,82.56,,,,,,,,,,,,,,,,,,,,,,,5.0,5.0,16.05,5.0,48.46,10.26,51.54,5.0,5.0,9.03,68.21,,,,,,,,,,,,,,,,,,,,,,,,,,,,
49E000,,5.0,5.0,,57.14,5.0,42.86,5.0,,5.0,87.76,,,,,,,,,,,,,,,,,,,,,,,,5.0,5.0,,43.18,5.0,56.82,5.0,,5.0,88.18,,,,,,,,,,,,,,,,,,,,,,,,,,,,,,,,,,,,,,,
49F000,,9.09,,,36.36,18.18,63.64,,,,72.73,,,,,,,,,,,,,,,,,,,,,,,,5.0,6.36,5.0,33.64,7.27,66.36,6.36,,16.36,77.27,,,,,,,,,,,,,,,,,,,,,,,,,,,,,,,,,,,,,,,
500302,,,,,,,,,,,,,,,,,,,,,,,,,,,,,,,,,,,,,,,,,,,,,,,,,,,,,,,,,,,,,,5.0,,,5.0,41.12,25.23,58.88,5.0,,6.54,72.9,,,,,,,,,,,
500323,,,,,,,,,,,,,,,,,,,,,,,,,,,,,,,,,,,,,,,,,,,,,6.3,5.0,5.0,,66.93,7.09,33.07,5.0,5.0,5.0,77.95,,,,,,,,,,,,,,,,,,,,,,,,,,,,
500324,,,,,,,,,,,,,,,,,,,,,,,,,,,,,,,,,,12.07,,,5.0,32.76,15.52,67.24,5.0,,5.17,70.69,,,,,,,,,,,,,,,,,,,,,,,,,,,,,,,,,,,,,,,
500340,,,,,,,,,,,,5.0,,,,64.18,5.0,35.82,5.0,,,92.54,,,,,,,,,,,,,,,,,,,,,,,6.84,5.0,5.0,5.0,45.11,6.84,54.89,5.0,,9.93,80.62,,,,,,,,,,,,,,,,,,,,,,,,,,,,
510324,,,,,,,,,,,,5.0,5.0,12.21,,50.23,6.57,49.77,5.0,,5.0,76.06,,,,,,,,,,,,,,,,,,,,,,,5.0,5.0,24.59,5.0,49.96,13.99,50.04,5.0,5.0,10.6,55.01,,,,,,,,,,,,,,,,,,,,,,,,,,,,
510325,,,,,,,,,,,,,,,,,,,,,,,,,,,,,,,,,,,,,,,,,,,,,,5.0,19.67,,64.75,29.51,35.25,5.0,,5.0,47.54,,,,,,,,,,,,,,,,,,,,,,,,,,,,
510327,,,,,,,,,,,,5.0,5.0,6.6,,55.33,5.58,44.67,5.0,,,78.68,,,,,,,,,,,,,,,,,,,,,,,5.0,5.0,15.96,5.0,48.51,12.5,51.49,5.0,,9.67,64.54,,,,,,,,,,,,,,,,,,,,,,,,,,,,
510333,,,,,,,,,,,,,5.0,5.78,,58.38,7.51,41.62,5.0,,5.0,80.35,,,,,,,,,,,,,,,,,,,,,,,5.0,5.0,10.61,5.0,47.55,14.04,52.45,5.0,,8.8,70.72,,,,,,,,,,,,,,,,,,,,,,,,,,,,
510357,,,,,,,,,,,,,,,,,,,,,,,,,,,,,,,,,,,,,,,,,,,,,5.0,5.0,7.89,,76.32,10.53,23.68,5.0,,,73.68,,,,,,,,,,,,,,,,,,,,,,,,,,,,
510367,,,,,,,,,,,,,,,,,,,,,,,,,,,,,,,,,,,,,,,,,,,,,5.0,5.0,12.61,,66.67,39.19,33.33,5.0,,5.0,41.89,,,,,,,,,,,,,,,,,,,,,,,,,,,,
510368,,,,,,,,,,,,,,,,,,,,,,,,,,,,,,,,,,,,,,,,,,,,,5.0,5.0,12.17,5.0,47.2,24.18,52.8,5.0,,12.99,60.2,,,,,,,,,,,,,,,,,,,,,,,,,,,,
510376,,,,,,,,,,,,,,,,,,,,,,,,,10.0,,53.33,6.67,46.67,5.0,,,80.0,,,,,,,,,,,,,,,,,,,,,,,,,,,,,,5.0,9.6,5.0,49.4,17.0,50.6,5.0,,17.0,69.8,,,,,,,,,,,
510399,,,,,,,,,,,,,5.0,12.79,5.0,59.3,39.53,40.7,5.0,,5.0,43.02,,,,,,,,,,,,,,,,,,,,,,,5.0,5.0,30.26,9.59,44.08,43.46,55.92,5.0,5.0,14.32,22.04,,,,,,,,,,,,,,,,,,,7.25,8.7,,69.57,28.99,30.43,5.0,,,52.17
510402,,,,,,,,,,,,,,,,61.22,5.0,38.78,,,6.12,95.0,,,,,,,,,,,,,,,,,,,,,,,5.0,5.0,9.96,5.31,50.22,24.12,49.78,5.0,5.0,15.82,62.39,,,,,,,,,,,,,,,,,,,,,,,,,,,,
510406,,,,,,,,,,,,5.0,,8.43,5.0,60.67,8.43,39.33,5.0,,,79.78,,,,,,,,,,,,,,,,,,,,,,,5.0,5.0,10.59,5.0,49.72,19.98,50.28,5.0,,10.13,65.52,,,,,,,,,,,,,,,,,,,,,,,,,,,,
51A000,,5.0,10.96,,56.16,5.0,43.84,8.22,,5.0,75.34,,,,,,,,,,,,,,,,,,,,,,,,,,,30.0,10.0,70.0,20.0,,,70.0,,,,,,,,,,,,,,,,,,,,,,,,,,,,,,,,,,,,,,,
520320,,,,,,,,,,,,,,,,,,,,,,,,,,,,,,,,,,,,,,,,,,,,,5.0,5.0,41.96,5.0,53.5,7.34,46.5,5.0,,8.39,47.9,,,,,,,,,,,,,,,,,,,,,,,,,,,,
530306,,,,,,,,,,,,,,,,,,,,,,,,,,,,,,,,,,,,,,,,,,,,,,,,,,,,,,,,,,,,,,,,54.84,9.68,35.48,25.81,64.52,5.0,,12.9,16.13,,,,,,,,,,,
530335,,,,,,,,,,,,,,,,,,,,,,,,,,,,,,,,,,,,,,,,,,,,,5.0,5.0,10.4,,61.88,45.05,38.12,5.0,,5.0,38.12,,,,,,,,,,,,,,,,,,,,,,,,,,,,
530336,,,,,,,,,,,,,5.0,9.6,5.0,64.65,27.27,35.35,5.0,,,59.6,,,,,,,,,,,,,,,,,,,,,,,5.0,5.0,20.25,7.31,46.22,32.52,53.78,5.0,,8.74,41.85,,,,,,,,,,,,,,,,,,,5.0,12.5,,70.0,45.0,30.0,,,,37.5
530343,,,,,,,,,,,,5.0,5.0,11.34,,62.89,26.8,37.11,5.0,,,55.67,,,,,,,,,,,,,,,,,,,,,,,5.0,5.0,21.68,7.49,48.13,33.03,51.87,5.0,5.0,8.06,39.84,,,,,,,,,,,,,,,,,,,,,,,,,,,,
540315,,,,,,,,,,,,,,,,,,,,,,,,,,,,,,,,,,,,,,,,,,,,,,5.0,92.11,5.0,51.93,5.0,48.07,5.0,,7.19,5.0,,,,,,,,,,,,,,,,,,,,85.37,,78.05,5.0,21.95,,,,9.76
540317,,,,,,,,,,,,,,,,,,,,,,,,,,,,,,,,,,,,,,,,,,,,,,5.0,26.83,5.0,67.07,14.02,32.93,5.0,,5.0,56.1,,,,,,,,,,,,,,,,,,,,,,,,,,,,
540318,,,,,,,,,,,,,,,,,,,,,,,,,,,,,,,,,,,,53.85,7.69,38.46,23.08,61.54,7.69,,,15.38,,,,,,,,,,,,,,,,,,,,,,,,,,,,,,,,,,,,,,,
540324,,,,,,,,,,,,,5.0,8.42,,52.63,16.84,47.37,5.0,,,70.53,,,,,,,,,,,,,,,,,,,,,,,5.0,5.0,38.76,5.0,47.96,14.72,52.04,5.0,5.0,8.67,43.23,,,,,,,,,,,,,,,,,,,,,,,,,,,,
540336,,,,,,,,,,,,,,,,81.82,9.09,18.18,,,,90.91,,,,,,,,,,,,,,,,,,,,,,,5.0,5.0,17.75,5.0,45.52,18.82,54.48,5.0,,12.75,59.94,,,,,,,,,,,,,,,,,,,,,,,,,,,,
550308,,,,,,,,,,,,,,,,,,,,,,,,,,,,,,,,,,,,,,,,,,,,,,,,,,,,,,,,,,,,,,,,5.0,,31.25,9.38,68.75,9.38,,34.38,78.13,,,,,,,,,,,
550320,,,,,,,,,,,,,5.0,5.0,,53.29,5.0,46.71,5.0,,,88.93,,,,,,,,,,,,,,,,,,,,,,,,5.0,5.65,5.0,47.11,5.37,52.89,5.0,5.0,6.34,84.57,,,,,,,,,,,,,,,,,,,,,,,,,,,,
550332,,,,,,,,,,,,,5.0,7.22,,62.22,25.56,37.78,5.0,5.0,,61.11,,,,,,,,,,,,,,,,,,,,,,,5.0,5.0,16.5,5.0,51.02,28.06,48.98,7.48,5.0,7.14,47.28,,,,,,,,,,,,,,,,,,,,,,,,,,,,
550344,,,,,,,,,,,,,5.0,5.0,,55.84,6.57,44.16,5.0,,,86.5,,,,,,,,,,,,,,,,,,,,,,,,5.0,5.0,5.0,47.07,6.49,52.93,5.0,,5.0,87.66,,,,,,,,,,,,,,,,,,,,,,,,,,,,
550368,,,,,,,,,,,,,5.0,5.0,,65.06,6.02,34.94,,,,92.17,,,,,,,,,,,,,,,,,,,,,,,,5.0,5.0,5.0,48.64,6.95,51.36,5.0,,8.61,89.12,,,,,,,,,,,,,,,,,,,,,,,,,,,,
55A000,,5.0,5.0,,57.48,7.87,42.52,5.0,,,83.46,,,,,,,,,,,,,,,,,,,,,,,,5.0,5.88,,57.52,7.84,42.48,5.23,,5.0,79.08,,,,,,,,,,,,,,,,,,,,,,,,,,,,,,,,,,,,,,,
560320,,,,,,,,,,,,,5.0,,,53.21,5.0,46.79,5.0,,,93.58,,,,,,,,,,,,,,,,,,,,,,,5.0,5.0,5.0,5.0,46.94,14.1,53.06,5.0,,9.31,82.05,,,,,,,,,,,,,,,,,,,,,,,,,,,,
560324,,,,,50.0,18.75,50.0,,,,81.25,,,,,,,,,,,,,,,,,,,,,,,,5.0,,6.32,52.63,22.11,47.37,,,9.47,76.84,,,,,,,,,,,,,,,,,,,,,,,,,,,,,,,,,,,,,,,
560329,,,,,,,,,,,,,,,,,,,,,,,,,,,,,,,,,,,,,,,,,,,,,,5.0,,,60.67,28.67,39.33,5.0,,5.0,67.33,,,,,,,,,,,,,,,,,,,,,,,,,,,,
560332,,,,,,,,,,,,,,,,,,,,,,,,,,,,,,,,,,,,,,46.43,7.14,53.57,7.14,,7.14,85.71,,,,,,,,,,,,,,,,,,,,,,,,,,,,,,,,,,,,,,,
560350,,,,,,,,,,,,,,,,,,,,,,,,,,,,,,,,,,,,,,,,,,,,,,,,,,,,,,,,,,,,,,5.0,,5.0,5.0,36.94,6.31,63.06,5.0,,16.22,89.19,,,,,,,,,,,
570317,,,,,,,,,,,,,,,,,,,,,,,,,,,,,,,,,,,,,,,,,,,,,,5.0,,5.0,54.98,5.0,45.02,5.0,,5.0,94.31,,,,,,,,,,,,,,,,,,,,,,,,,,,,
570318,,,,,,,,,,,,,5.17,,,72.41,6.9,27.59,,,,87.93,,,,,,,,,,,,,,,,,,,,,,,5.0,5.0,5.0,5.0,47.78,5.0,52.22,5.0,,7.33,93.78,,,,,,,,,,,,,,,,,,,,,,,,,,,,
580344,,,,,,,,,,,,,,,,,,,,,,,,,,,,,,,,,,,,,,,,,,,,,,,68.21,5.0,48.72,5.64,51.28,5.0,,9.74,24.1,,,,,,,,,,,,,,,,,,,,,,,,,,,,
580368,,,,,,,,,,,,,,,,,,,,,,,,,,,,,,,,,,,,,,,,,,,,,,5.0,48.16,5.0,52.05,6.7,47.95,5.0,,7.56,41.25,,,,,,,,,,,,,,,,,,,,,,,,,,,,
58B000,,,,,,,,,,,,,,,,,,,,,,,,,,,,,,,,,,,,,,,,,,,,,,,,,,,,,,,,,,,,,,,,5.0,,46.91,5.0,53.09,,,6.17,95.0,,,,,,,,,,,
590328,,,,,,,,,,,,,,,,,,,,,,,,,,,,,,,,,,,,,,,,,,,,,,5.0,,5.0,62.14,20.36,37.86,5.0,,5.0,73.57,,,,,,,,,,,,,,,,,,,,,,,,,,,,
590330,,,,,,,,,,,,5.0,5.0,5.0,,69.52,8.56,30.48,5.0,,,86.63,,,,,,,,,,,,,,,,,,,,,,,5.0,5.0,5.0,5.0,46.4,11.82,53.6,5.0,5.0,11.5,81.3,,,,,,,,,,,,,,,,,,,,,,,,,,,,
590393,,,,,,,,,,,,,,,,,,,,,,,,,,,,,,,,,,,,,,,,,,,,,,,,,,,,,,,,,,,,,,,,5.0,5.0,41.67,6.67,58.33,5.0,,20.0,86.67,,,,,,,,,,,
600302,,,,,,,,,,,,,29.92,6.77,5.0,52.94,5.0,47.06,5.0,5.0,5.0,56.18,,,,,,,,,,,,,,,,,,,,,,,,18.3,11.0,5.0,46.85,8.72,53.15,5.0,5.0,5.0,59.22,,,,,,,,,,,,,,,,,,,,,,,,,,,,
600312,,,,,,,,,,,,5.0,5.0,5.0,5.0,60.25,7.07,39.75,5.0,,5.0,84.12,,,,,,,,,,,,,,,,,,,,,,,5.0,5.0,8.28,5.0,46.23,7.91,53.77,5.0,,5.32,77.56,,,,,,,,,,,,,,,,,,,,,,,,,,,,
600334,,,,,,,,,,,,,7.25,62.32,,72.46,17.39,27.54,5.0,,,8.7,,,,,,,,,,,,,,,,,,,,,,,5.0,7.38,52.46,,69.67,15.57,30.33,5.0,,,19.67,,,,,,,,,,,,,,,,,,,,,,,,,,,,
600341,,,,,,,,,,,,,,,,,,,,,,,,18.18,27.27,,45.45,27.27,54.55,9.09,9.09,,9.09,,,,,,,,,,,,,,,,,,,,,,,,,,,,,,5.0,35.29,23.53,52.94,56.47,47.06,5.0,5.0,5.0,5.0,,,,,,,,,,,
600361,,,,,,,,,,,,5.0,7.81,17.09,5.0,61.6,16.88,38.4,5.0,,5.0,54.64,,,,,,,,,,,,,,,,,,,,,,,5.0,5.77,30.28,6.37,51.72,21.66,48.28,5.0,,7.12,38.46,,,,,,,,,,,,,,,,,,,,,,,,,,,,
600364,,,,,,,,,,,,,5.0,35.14,5.0,64.86,54.05,35.14,5.41,,10.81,5.0,,,,,,,,,,,,,,,,,,,,,,,,5.0,39.39,8.08,48.48,47.47,51.52,5.05,,9.09,7.07,,,,,,,,,,,,,,,,,,,,,,,,,,,,
600377,,,,,,,,,,,,,10.84,20.69,5.0,57.14,17.24,42.86,5.42,,5.0,45.81,,,,,,,,,,,,,,,,,,,,,,,5.0,9.3,41.5,7.1,47.0,25.36,53.0,5.0,,5.92,20.29,,,,,,,,,,,,,,,,,,,10.08,29.13,5.0,58.54,28.57,41.46,5.0,,5.0,28.01
600386,,,,,,,,,,,,,10.26,60.26,5.0,87.18,19.23,12.82,5.0,,5.0,8.97,,,,,,,,,,,,,,,,,,,,,,,,5.97,57.21,5.0,80.1,25.37,19.9,5.0,,5.0,9.95,,,,,,,,,,,,,,,,,,,,,,,,,,,,
600397,,,,,,,,,,,,,14.41,36.94,9.91,61.26,43.24,38.74,5.0,,,5.0,,,,,,,,,,,,,,,,,,,,,,,5.0,7.59,46.26,22.55,45.09,40.19,54.91,5.0,,10.63,5.0,,,,,,,,,,,,,,,,,,,,,,,,,,,,
600404,,,,,,,,,,,,,15.79,21.05,,52.63,15.79,47.37,5.26,,,42.11,,,,,,,,,,,,,,,,,,,,,,,,7.06,26.47,,50.59,21.76,49.41,5.88,,,38.82,,,,,,,,,,,,,,,,,,,,,,,,,,,,
600405,,,,,,,,,,,,,8.33,58.33,,63.89,27.78,36.11,,,,5.56,,,,,,,,,,,,,,,,,,,,,,,5.0,5.0,61.31,16.88,42.79,32.0,57.21,5.0,,11.25,5.0,,,,,,,,,,,,,,,,,,5.0,5.0,61.36,,68.18,25.0,31.82,5.0,,,5.0
600415,,,,,,,,,,,,5.0,5.0,19.92,,58.62,11.88,41.38,5.0,,5.0,59.0,,,,,,,,,,,,,,,,,,,,,,,5.0,5.0,47.39,5.0,47.48,14.53,52.52,5.0,,9.21,31.05,,,,,,,,,,,,,,,,,,,,,,,,,,,,
600426,,,,,,,,,,,,5.0,5.14,15.71,5.0,60.57,17.43,39.43,5.71,,5.0,55.71,,,,,,,,,,,,,,,,,,,,,,,5.0,6.19,33.63,8.5,47.35,25.65,52.65,5.0,5.0,8.05,29.6,,,,,,,,,,,,,,,,,,,,,,,,,,,,
600439,,,,,,,,,,,,,,,,,,,,,,,,,,,,,,,,,,,,,,,,,,,,,,,,,,,,,,,,,,,,,,5.0,,83.06,5.0,32.26,7.26,67.74,,,10.48,8.87,,,,,,,,,,,
600443,,,,,,,,,,,,5.0,6.85,13.7,,69.86,6.85,30.14,6.85,,,63.01,,,,,,,,,,,,,,,,,,,,,,,5.0,5.0,16.67,5.0,66.27,11.9,33.73,5.0,5.0,5.0,62.7,,,,,,,,,,,,,,,,,,,,,,,,,,,,
600445,,,,,,,,,,,,5.0,14.49,44.27,5.0,58.95,5.43,41.05,5.23,,5.0,30.18,,,,,,,,,,,,,,,,,,,,,,,5.0,6.18,65.51,5.0,48.69,8.61,51.31,5.0,,6.11,15.31,,,,,,,,,,,,,,,,,,,,,,,,,,,,
600457,,,,,,,,,,,,5.0,6.3,59.06,5.0,66.14,24.41,33.86,5.0,,5.0,7.09,,,,,,,,,,,,,,,,,,,,,,,5.0,5.0,61.42,6.86,50.06,27.22,49.94,5.0,,9.67,5.0,,,,,,,,,,,,,,,,,,,,,,,,,,,,
600461,,,,,,,,,,,,,,,,,,,,,,,,,,,,,,,,,,,,70.0,,30.0,,70.0,5.0,,85.0,25.0,,,,,,,,,,,,,,,,,,,,,,,,,,,,,,,,,,,,,,,
600466,,,,,,,,,,,,,5.0,6.97,5.0,53.55,5.0,46.45,5.0,,5.0,84.9,,,,,,,,,,,,,,,,,,,,,,,5.0,5.0,21.25,5.0,46.78,8.61,53.22,5.0,,5.62,64.52,,,,,,,,,,,,,,,,,,,5.0,5.0,5.0,59.11,5.0,40.89,5.0,,,88.79
600480,,,,,,,,,,,,,6.03,39.22,5.0,61.21,14.66,38.79,5.0,,5.0,35.78,,,,,,,,,,,,,,,,,,,,,,,5.0,5.0,65.78,5.0,52.87,17.65,47.13,5.0,,8.75,11.76,,,,,,,,,,,,,,,,,,,6.25,39.06,5.0,57.81,15.63,42.19,5.0,,,35.16
600482,,,,,,,,,,,,,,,,,,,,,,,,5.0,30.63,5.0,75.0,6.88,25.0,8.75,,,50.0,,,,,,,,,,,,,,,,,,,,,,,,,,,,,5.0,5.0,52.27,5.0,74.09,8.18,25.91,6.36,,5.0,31.36,,,,,,,,,,,
600496,,,,,,,,,,,,5.0,7.2,65.84,5.0,55.56,19.34,44.44,5.0,,5.0,5.14,,,,,,,,,,,,,,,,,,,,,,,5.0,5.23,67.07,5.0,49.96,21.62,50.04,5.0,5.0,5.0,5.0,,,,,,,,,,,,,,,,,,,,,,,,,,,,
600498,,,,,,,,,,,,,,,,,,,,,,,,,,,,,,,,,,,,,,,,,,,,,,5.0,61.65,7.52,64.66,24.81,35.34,5.0,,14.29,7.52,,,,,,,,,,,,,,,,,,,,,,,,,,,,
600499,,,,,,,,,,,,,5.0,30.77,,73.08,15.38,26.92,7.69,,,42.31,,,,,,,,,,,,,,,,,,,,,,,5.0,5.0,32.0,,53.0,12.0,47.0,6.0,,5.0,48.0,,,,,,,,,,,,,,,,,,,,,,,,,,,,
600508,,,,,,,,,,,,5.0,16.3,5.03,5.0,58.83,5.0,41.17,5.0,5.0,5.0,73.1,,,,,,,,,,,,,,,,,,,,,,,5.0,10.35,8.23,5.0,46.29,6.44,53.71,5.0,5.0,5.79,72.21,,,,,,,,,,,,,,,,,,,,,,,,,,,,
600535,,,,,,,,,,,,,5.0,14.43,5.0,56.81,20.08,43.19,5.0,5.0,5.0,57.92,,,,,,,,,,,,,,,,,,,,,,,5.0,5.0,25.53,6.73,49.12,30.38,50.88,5.0,5.0,5.34,37.6,,,,,,,,,,,,,,,,,,,,,,,,,,,,
600567,,,,,,,,,,,,,13.95,39.53,5.0,53.49,23.26,46.51,5.81,,5.0,17.44,,,,,,,,,,,,,,,,,,,,,,,,6.71,41.95,5.0,43.96,21.81,56.04,5.0,,5.0,25.5,,,,,,,,,,,,,,,,,,,,,,,,,,,,
600576,,,,,,,,,,,,,12.05,81.93,5.0,73.49,5.0,26.51,5.0,,,5.0,,,,,,,,,,,,,,,,,,,,,,,5.0,5.0,81.79,5.0,50.3,8.96,49.7,5.0,5.0,14.48,5.0,,,,,,,,,,,,,,,,,,,5.0,86.27,,74.51,5.0,25.49,5.88,,5.0,5.0
600579,,,,,,,,,,,,,14.73,53.49,,64.34,18.6,35.66,5.0,,,8.53,,,,,,,,,,,,,,,,,,,,,,,5.0,6.56,61.62,8.11,48.31,20.88,51.69,5.0,5.0,8.39,5.83,,,,,,,,,,,,,,,,,,,,,,,,,,,,
600582,,,,,,,,,,,,,,,,,,,,,,,,,,,,,,,,,,,,,,,,,,,,,,,,,,,,,,,,,,,,,,,5.0,32.65,,42.86,5.0,57.14,5.0,,8.16,59.18,,,,,,,,,,,
600592,,,,,,,,,,,,,7.5,54.17,5.0,74.17,33.33,25.83,5.0,,5.0,5.0,,,,,,,,,,,,,,,,,,,,,,,5.0,5.0,62.91,7.74,46.03,28.54,53.97,5.0,5.0,7.94,5.0,,,,,,,,,,,,,,,,,,,,,,,,,,,,
600594,,,,,,,,,,,,,10.0,32.0,,54.0,6.0,46.0,,,,52.0,,,,,,,,,,,,,,,,,,,,,,,,8.26,35.78,,55.96,7.34,44.04,5.0,,5.0,47.71,,,,,,,,,,,,,,,,,,,,,,,,,,,,
600693,,,,,,,,,,,,5.0,6.25,28.75,5.0,77.5,23.75,22.5,5.0,,5.0,33.75,,,,,,,,,,,,,,,,,,,,,,,5.0,5.9,45.43,7.67,57.82,27.14,42.18,5.0,,9.14,16.81,,,,,,,,,,,,,,,,,,,,,,,,,,,,
600694,,,,,,,,,,,,5.0,11.38,25.2,5.0,48.78,14.63,51.22,5.69,,,42.28,,,,,,,,,,,,,,,,,,,,,,,5.0,7.9,34.54,5.0,29.8,21.44,70.2,5.0,,5.0,30.93,,,,,,,,,,,,,,,,,,,,,,,,,,,,
600695,,,,,,,,,,,,,20.0,30.0,10.0,30.0,30.0,70.0,20.0,,,,,,,,,,,,,,,,,,,,,,,,,,5.0,5.0,50.64,7.96,17.52,26.75,82.48,5.0,,10.19,14.97,,,,,,,,,,,,,,,,,,,,,,,,,,,,
600696,,,,,,,,,,,,,,62.5,6.25,75.0,31.25,25.0,5.0,,,5.0,,,,,,,,,,,,,,,,,,,,,,,5.0,5.0,59.27,11.59,55.63,26.49,44.37,5.0,,6.95,5.63,,,,,,,,,,,,,,,,,,,,,,,,,,,,
600697,,,,,,,,,,,,,12.88,43.18,5.0,81.06,25.76,18.94,5.0,,,16.67,,,,,,,,,,,,,,,,,,,,,,,5.0,9.68,51.38,6.91,64.52,22.12,35.48,5.0,5.0,5.76,13.82,,,,,,,,,,,,,,,,,,,,,,,,,,,,
60B000,,6.25,87.5,,62.5,6.25,37.5,,,,,,,,,,,,,,,,,,,,,,,,,,,,5.88,88.24,,76.47,5.88,23.53,,,,,,,,,,,,,,,,,,,,,,,,,,,,,,,,,,,,,,,,,,,
60D000,,6.85,8.72,,56.39,5.0,43.61,5.0,,5.0,78.19,,,,,,,,,,,,,,,,,,,,,,,5.0,5.0,5.0,,50.88,12.28,49.12,5.0,,5.0,78.95,,,,,,,,,,,,,,,,,,,,,,,,,,,,,,,,,,,,,,,
60G000,,5.0,7.84,5.0,58.82,11.76,41.18,5.0,,,76.47,,,,,,,,,,,,,,,,,,,,,,,,9.68,6.45,,38.71,5.0,61.29,,,,80.65,,,,,,,,,,,,,,,,,,,,,,,,,,,,,,,,,,,,,,,
60I000,,5.0,5.0,,59.31,5.0,40.69,5.0,,5.0,86.9,,,,,,,,,,,,,,,,,,,,,,,,,,,,,,,,,,,,,,,,,,,,,,,,,,,,,,,,,,,,,,,,,,,,,,,,
60K000,,,,,,,,,,,,,,,,,,,,,,,,,,,,,,,,,,,,,,,,,,,,,,,,,,,,,,,,,,,,,,,,46.67,5.0,43.33,10.0,56.67,10.0,,30.0,33.33,,,,,,,,,,,
60S000,,5.0,17.39,,56.52,5.0,43.48,8.7,,5.0,65.22,,,,,,,,,,,,,,,,,,,,,,,,,,,,,,,,,,,,,,,,,,,,,,,,,,,,,,,,,,,,,,,,,,,,,,,,
60U000,,,,,,,,,,,,,,,,,,,,,,,,,,,,,,,,,,,,,,,,,,,,,,,37.5,5.0,58.33,33.33,41.67,5.0,,5.0,25.0,,,,,,,,,,,,,,,,,,,,,,,,,,,,
60V000,,,,,,,,,,,,,,,,,,,,,,,,,,,,,,,,,,,,,,,,,,,,,,,,,,,,,,,,,,,,,,,,92.0,,42.67,5.33,57.33,5.0,,13.33,,,,,,,,,,,,
610332,,,,,,,,,,,,,,,,,,,,,,,,,,,,,,,,,,,,,,,,,,,,,,5.0,5.0,5.0,60.48,20.16,39.52,5.0,,5.0,75.0,,,,,,,,,,,,,,,,,,,,,,,,,,,,
610334,,,,,,,,,,,,,5.0,,,65.22,10.87,34.78,,,,84.78,,,,,,,,,,,,,,,,,,,,,,,,5.0,5.0,5.0,46.39,7.44,53.61,5.0,,8.1,90.81,,,,,,,,,,,,,,,,,,,,,,,,,,,,
620310,,,,,,,,,,,,,,,,,,,,,,,,,,,,,,,,,,,,,,,,,,,,,,,,,,,,,,,,,,,,,,,5.0,36.36,5.0,22.73,27.27,77.27,,,13.64,31.82,,,,,,,,,,,
620316,,,,,,,,,,,,,,17.65,,70.59,47.06,29.41,,,,35.29,,,,,,,,,,,,,,,,,,,,,,,,,9.39,8.92,47.42,54.69,52.58,5.0,,9.39,32.63,,,,,,,,,,,,,,,,,,,,,,,,,,,,
620340,,,,,,,,,,,,,9.52,5.0,,71.43,19.05,28.57,,,5.0,66.67,,,,,,,,,,,,,,,,,,,,,,,5.0,5.0,25.26,5.0,48.95,9.47,51.05,5.0,,8.95,57.89,,,,,,,,,,,,,,,,,,,,,,,,,,,,
620350,,,,,,,,,,,,,,,,,,,,,,,,,,,,,,,,,,,,,,,,,,,,,,5.0,17.5,,65.83,33.33,34.17,5.0,,5.0,45.0,,,,,,,,,,,,,,,,,,,,,,,,,,,,
630332,,,,,,,,,,,,,,,,64.71,17.65,35.29,,,,82.35,,,,,,,,,,,,,,,,,,,,,,,5.0,5.0,5.0,5.0,50.11,29.03,49.89,5.0,,6.88,63.66,,,,,,,,,,,,,,,,,,,,,,,,,,,,
630336,,,,,,,,,,,,5.0,5.0,5.0,5.0,57.64,6.19,42.36,5.0,5.0,5.0,80.27,,,,,,,,,,,,,,,,,,,,,,,5.0,5.0,21.28,5.0,47.23,9.89,52.77,5.0,5.0,5.98,62.09,,,,,,,,,,,,,,,,,,,,,,,,,,,,
630360,,,,,,,,,,,,5.0,5.0,5.53,,55.28,7.54,44.72,5.0,,,84.42,,,,,,,,,,,,,,,,,,,,,,,5.0,5.0,11.78,5.0,48.46,8.97,51.54,5.0,,6.88,73.28,,,,,,,,,,,,,,,,,,,,,,,,,,,,
640340,,,,,,,,,,,,,,,,,,,,,,,,,,,,,,,,,,,,77.78,,44.44,5.0,55.56,5.0,,18.52,14.81,,,,,,,,,,,,,,,,,,,,,,,,,,,,,,,,,,,,,,,
640346,,,,,,,,,,,,5.0,,17.65,,66.67,5.88,33.33,,,,74.51,,,,,,,,,,,,,,,,,,,,,,,5.0,5.0,51.86,5.0,51.71,5.0,48.29,5.0,,9.14,39.71,,,,,,,,,,,,,,,,,,,,,,,,,,,,
640347,,,,,,,,,,,,5.0,5.0,28.99,,57.97,13.04,42.03,5.0,,5.0,47.83,,,,,,,,,,,,,,,,,,,,,,,5.0,5.0,27.15,5.0,61.51,15.46,38.49,5.0,,5.0,46.39,,,,,,,,,,,,,,,,,,,,,,,,,,,,
640350,,,,,,,,,,,,5.0,5.0,25.0,,63.1,5.0,36.9,5.0,,,65.48,,,,,,,,,,,,,,,,,,,,,,,5.0,5.0,46.48,5.0,47.3,5.87,52.7,5.0,,8.45,41.67,,,,,,,,,,,,,,,,,,,,,,,,,,,,
640361,,,,,,,,,,,,,,41.82,,58.18,5.0,41.82,5.45,5.0,,47.27,,,,,,,,,,,,,,,,,,,,,,,5.0,5.0,76.56,5.0,50.75,5.0,49.25,5.0,5.0,7.98,14.84,,,,,,,,,,,,,,,,,,,5.0,11.36,,52.27,13.64,47.73,5.0,,,65.91
640364,,,,,,,,,,,,,,11.9,,52.38,21.43,47.62,,,,66.67,,,,,,,,,,,,,,,,,,,,,,,5.0,,23.19,5.0,49.67,26.22,50.33,5.0,,9.22,47.69,,,,,,,,,,,,,,,,,,,,,,,,,,,,
650326,,,,,,,,,,,,5.0,5.0,8.33,,52.78,6.48,47.22,5.0,,5.0,81.02,,,,,,,,,,,,,,,,,,,,,,,5.0,5.0,21.97,5.0,45.27,10.87,54.73,5.0,5.0,10.8,60.43,,,,,,,,,,,,,,,,,,,,,,,,,,,,
650327,,,,,,,,,,,,,5.0,5.0,5.0,58.15,7.35,41.85,5.0,5.0,5.0,83.71,,,,,,,,,,,,,,,,,,,,,,,5.0,5.0,11.32,5.0,46.82,9.22,53.18,5.0,5.0,8.76,73.64,,,,,,,,,,,,,,,,,,,,,,,,,,,,
650340,,,,,,,,,,,,,,,,,,,,,,,,,,,,,,,,,,,,,,,,,,,,,,5.62,11.8,,60.11,15.17,39.33,5.06,5.0,,61.8,,,,,,,,,,,,,,,,,,,,,,,,,,,,
650342,,,,,,,,,,,,5.0,5.0,5.0,5.0,52.33,5.0,47.67,5.0,,5.0,84.28,,,,,,,,,,,,,,,,,,,,,,,5.0,5.0,12.62,5.0,41.0,9.31,59.0,5.0,,10.65,73.05,,,,,,,,,,,,,,,,,,,5.0,5.0,,69.53,5.47,30.47,5.0,5.0,,82.03
650352,,,,,,,,,,,,5.0,5.0,5.85,5.0,58.08,7.73,41.92,5.0,5.0,5.0,82.9,,,,,,,,,,,,,,,,,,,,,,,5.0,5.0,37.41,5.0,50.36,13.9,49.64,5.0,,11.52,44.06,,,,,,,,,,,,,,,,,,,,,,,,,,,,
650354,,,,,,,,,,,,,,,,,,,,,,,,,,,,,,,,,,,,,,,,,,,,,,,,,,,,,,,,,,,,,,,,47.06,,41.18,5.88,58.82,23.53,,11.76,23.53,,,,,,,,,,,
650355,,,,,,,,,,,,,,,,,,,,,,,,,,,,,,,,,,,11.54,23.08,23.08,53.85,23.08,46.15,11.54,,15.38,30.77,,,,,,,,,,,,,,,,,,,,,,,,,,,,,,,,,,,,,,,
650394,,,,,,,,,,,,,,,,,,,,,,,,,,,,,,,,,,,,,,,,,,,,,,5.0,25.53,5.0,65.53,11.49,34.47,5.0,,5.0,56.17,,,,,,,,,,,,,,,,,,,,,,,,,,,,
650395,,,,,,,,,,,,,,,,,,,,,,,,,,,,,,,,,,,,,,,,,,,,,,5.0,13.95,,41.86,9.3,58.14,6.98,,,65.12,,,,,,,,,,,,,,,,,,,,,,,,,,,,
660336,,,,,,,,,,,,,,,,,,,,,,,,,,,,,,,,,,,,,,,,,,,,,5.0,5.0,85.22,5.0,45.36,5.0,54.64,5.0,,14.09,9.97,,,,,,,,,,,,,,,,,,,,,,,,,,,,
660400,,,,,,,,,,,,,,,,,,,,,,,,,,,,,,,,,,,,,,,,,,,,,,,79.59,,62.24,6.12,37.76,5.0,,5.0,12.24,,,,,,,,,,,,,,,,,,,,,,,,,,,,
66A000,5.0,5.0,78.03,,58.38,5.2,41.62,5.0,,5.0,12.14,,,,,,,,,,,,,,,,,,,,,,,,,,,,,,,,,,,,,,,,,,,,,,,,,,,,,,,,,,,,,,,,,,,,,,,,
670300,,,,,,,,,,,,,,,,,,,,,,,,,,,,,,,,,,,,,,,,,,,,,5.0,,20.75,,41.51,16.98,58.49,7.55,,,52.83,,,,,,,,,,,,,,,,,,,,,,,,,,,,
670320,,,,,,,,,,,,5.0,5.0,5.0,,61.54,12.82,38.46,5.0,5.0,,78.21,,,,,,,,,,,,,,,,,,,,,,,5.0,5.0,8.93,5.0,45.54,10.71,54.46,5.0,5.0,9.23,74.4,,,,,,,,,,,,,,,,,,,,,,,,,,,,
670324,,,,,,,,,,,,,5.0,14.8,,58.16,10.2,41.84,5.1,5.0,5.0,66.33,,,,,,,,,,,,,,,,,,,,,,,5.0,5.0,31.11,5.0,49.75,12.46,50.25,6.58,5.0,11.37,47.66,,,,,,,,,,,,,,,,,,,5.0,16.5,,57.28,14.56,42.72,5.0,5.0,,59.22
670333,,,,,,,,,,,,5.0,10.32,30.56,,63.49,18.65,36.51,7.14,5.0,5.0,31.35,,,,,,,,,,,,,,,,,,,,,,,5.0,5.0,40.77,5.0,49.52,15.23,50.48,6.95,5.0,8.27,31.18,,,,,,,,,,,,,,,,,,,,,,,,,,,,
670340,,,,,,,,,,,,,5.0,11.49,,61.49,6.9,38.51,5.75,5.0,,72.99,,,,,,,,,,,,,,,,,,,,,,,5.0,5.0,12.86,5.0,51.57,12.99,48.43,6.43,5.0,9.97,66.01,,,,,,,,,,,,,,,,,,,,,,,,,,,,
670344,,,,,,,,,,,,5.0,,19.48,,68.83,5.0,31.17,7.79,,,67.53,,,,,,,,,,,,,,,,,,,,,,,5.0,5.0,22.93,5.0,46.34,7.48,53.66,7.48,5.0,12.58,61.15,,,,,,,,,,,,,,,,,,,,,,,,,,,,
670352,,,,,,,,,,,,,5.0,5.0,,60.42,9.03,39.58,6.25,,5.0,79.86,,,,,,,,,,,,,,,,,,,,,,,5.0,5.0,7.8,5.0,46.0,9.45,54.0,5.13,5.0,9.86,74.95,,,,,,,,,,,,,,,,,,,,,,,,,,,,
670364,,,,,,,,,,,,5.0,5.0,12.77,,61.7,10.64,38.3,14.89,,,57.45,,,,,,,,,,,,,,,,,,,,,,,5.0,5.0,19.82,5.0,49.34,12.86,50.66,9.58,5.0,9.32,54.86,,,,,,,,,,,,,,,,,,,,,,,,,,,,
680310,,,,,,,,,,,,5.0,5.0,5.0,,59.22,13.33,40.78,5.0,,6.27,76.08,,,,,,,,,,,,,,,,,,,,,,,5.0,5.0,9.8,8.78,45.17,30.15,54.83,5.0,,15.01,54.71,,,,,,,,,,,,,,,,,,,5.0,5.0,5.0,73.27,16.83,26.73,5.0,,5.0,69.31
680332,,,,,,,,,,,,5.0,5.0,5.0,5.0,58.61,9.02,41.39,5.0,,5.0,81.56,,,,,,,,,,,,,,,,,,,,,,,5.0,5.0,14.32,5.0,44.76,15.28,55.24,5.0,,14.32,66.13,,,,,,,,,,,,,,,,,,,,,,,,,,,,
680335,,,,,,,,,,,,,,,,,,,,,,,,,,,,,,,,,,,,,,,,,,,,,,,35.29,5.88,23.53,5.88,76.47,23.53,,47.06,35.29,,,,,,,,,,,,,,,,,,,,,,,,,,,,
681305,,,,,,,,,,,,,9.2,5.0,5.0,51.53,9.82,48.47,6.44,,5.0,70.86,,,,,,,,,,,,,,,,,,,,,,,,8.67,9.54,7.51,31.79,16.18,68.21,6.36,,9.25,59.25,,,,,,,,,,,,,,,,,,,,,,,,,,,,
681308,,,,,,,,,,,,5.0,13.76,5.0,5.0,52.7,8.35,47.3,5.72,,5.0,67.39,,,,,,,,,,,,,,,,,,,,,,,5.0,11.33,13.2,5.0,40.17,16.36,59.83,7.32,,8.61,50.79,,,,,,,,,,,,,,,,,,,,,,,,,,,,
681314,,,,,,,,,,,,5.0,24.15,5.0,5.0,50.77,5.85,49.23,7.08,,5.0,57.69,,,,,,,,,,,,,,,,,,,,,,,5.0,18.75,10.47,5.0,40.16,10.63,59.84,7.66,,6.41,52.03,,,,,,,,,,,,,,,,,,,,,,,,,,,,
681338,,,,,,,,,,,,,,,,,,,,,,,,,,,,,,,,,,,,,,,,,,,,,5.26,,42.11,15.79,47.37,26.32,52.63,5.26,,31.58,21.05,,,,,,,,,,,,,,,,,,,,,,,,,,,,
68A000,,,8.33,,75.0,,25.0,5.0,,,87.5,,,,,,,,,,,,,,,,,,,,,,,,,8.33,,66.67,8.33,33.33,5.56,,8.33,77.78,,,,,,,,,,,,,,,,,,,,,,,,,,,,,,,,,,,,,,,
690320,,,,,,,,,,,,,5.0,9.23,,53.85,10.77,46.15,5.0,,5.0,76.92,,,,,,,,,,,,,,,,,,,,,,,5.0,5.0,20.58,5.0,48.99,8.7,51.01,5.0,,9.86,65.51,,,,,,,,,,,,,,,,,,,,,,,,,,,,
69A000,,,,,,,,,,,,,,,,,,,,,,,,,,,,,,,,,,,,7.14,,45.92,5.0,54.08,5.1,,20.41,83.67,,,,,,,,,,,,,,,,,,,,,,,,,,,,,,,,,,,,,,,
700310,,,,,,,,,,,,,,,,,,,,,,,,,,,,,,,,,,,,,,,,,,,,,,,,,,,,,,,,,,,,,,,,73.33,,46.67,,53.33,,,6.67,26.67,,,,,,,,,,,
700317,,,,,,,,,,,,,5.0,16.07,,69.64,5.0,30.36,5.0,,,75.0,,,,,,,,,,,,,,,,,,,,,,,5.0,5.0,48.31,5.0,53.46,6.22,46.54,5.0,,6.39,39.61,,,,,,,,,,,,,,,,,,,,,,,,,,,,
700319,,,,,,,,,,,,,5.56,41.67,,52.78,5.0,47.22,8.33,,,41.67,,,,,,,,,,,,,,,,,,,,,,,5.0,5.0,42.77,5.0,52.2,6.45,47.8,5.0,5.0,6.76,44.5,,,,,,,,,,,,,,,,,,,,,,,,,,,,
700325,,,,,,,,,,,,,,,,,,,,,,,,,,,,,,,,,,,,,,,,,,,,,,,42.11,,73.68,7.89,26.32,15.79,,5.0,34.21,,,,,,,,,,,,,,,,,,,,,,,,,,,,
70A000,,,,,,,,,,,,,,,,,,,,,,,,,,,,,,,,,,,,,,,,,,,,,,,,,,,,,,,,,,,,,,5.0,,17.78,,45.19,5.0,54.81,5.19,5.0,5.19,71.85,,,,,,,,,,,
710321,,,,,,,,,,,,,,8.75,,53.75,28.75,46.25,5.0,,,60.0,,,,,,,,,,,,,,,,,,,,,,,5.0,,22.17,5.0,42.0,23.67,58.0,5.0,,9.67,49.83,,,,,,,,,,,,,,,,,,,,,,,,,,,,
710326,,5.0,15.91,5.0,64.77,11.36,35.23,5.68,,,65.91,,,,,,,,,,,,,,,,,,,,,,,5.0,5.0,35.76,5.0,46.57,14.35,53.43,5.0,,11.02,45.11,,,,,,,,,,,,,,,,,,,,,,,,,,,,,,,,,,,,,,,
710327,,,,,,,,,,,,,,,,,,,,,,,,,,,,,,,,,,,,,,,,,,,,,,,10.86,,64.71,17.19,35.29,5.0,,,69.68,,,,,,,,,,,,,,,,,,,,,,,,,,,,
710342,,,,,,,,,,,,,5.0,5.0,,59.68,5.14,40.32,5.0,,,89.33,,,,,,,,,,,,,,,,,,,,,,,5.0,5.0,5.0,5.0,45.42,5.77,54.58,5.0,,8.06,85.99,,,,,,,,,,,,,,,,,,,,,,,,,,,,
720316,,,,,,,,,,,,,,22.58,,58.06,5.0,41.94,,,,74.19,,,,,,,,,,,,,,,,,,,,,,,,,24.78,5.0,50.14,5.0,49.86,5.0,,14.99,70.61,,,,,,,,,,,,,,,,,,,,,,,,,,,,
730350,,,,,,,,,,,,,,,,,,,,,,,,,,,,,,,,,,,,,,,,,,,,,,5.0,27.45,,59.8,9.8,40.2,5.0,,5.0,58.82,,,,,,,,,,,,,,,,,,,,,,,,,,,,
730352,,,,,,,,,,,,5.0,5.0,18.82,,56.47,12.94,43.53,5.0,,,61.18,,,,,,,,,,,,,,,,,,,,,,,5.0,5.0,36.79,5.0,42.3,9.2,57.7,5.03,,12.2,48.11,,,,,,,,,,,,,,,,,,,,,,,,,,,,
73B000,,,,,,,,,,,,,,,,,,,,,,,,,7.69,,62.39,5.0,37.61,5.0,,,88.03,,,,,,,,,,,,,,,,,,,,,,,,,,,,,,,9.38,,65.63,5.0,34.38,,,,87.5,,,,,,,,,,,
740309,,,,,,,,,,,,,,6.38,5.0,68.09,6.38,31.91,5.0,,,85.11,,,,,,,,,,,,,,,,,,,,,,,,5.0,40.04,5.0,50.0,12.03,50.0,5.0,,6.95,44.55,,,,,,,,,,,,,,,,,,,,,,,,,,,,
740333,,,,,,,,,,,,5.0,5.0,9.8,5.0,58.45,5.74,41.55,5.0,,,77.36,,,,,,,,,,,,,,,,,,,,,,,5.0,5.0,17.78,5.0,48.04,10.01,51.96,5.0,,5.23,67.98,,,,,,,,,,,,,,,,,,,,,,,,,,,,
740344,,,,,,,,,,,,,,28.0,5.0,53.33,8.0,46.67,,,,64.0,,,,,,,,,,,,,,,,,,,,,,,,,55.76,5.0,49.92,7.68,50.08,5.0,5.0,7.68,34.06,,,,,,,,,,,,,,,,,,,,,,,,,,,,
740366,,,,,,,,,,,,5.0,7.99,14.05,5.0,53.44,6.34,46.56,5.0,,5.0,68.6,,,,,,,,,,,,,,,,,,,,,,,5.0,5.0,55.97,5.0,49.48,5.35,50.52,5.0,,6.08,33.44,,,,,,,,,,,,,,,,,,,,,,,,,,,,
740374,,,,,,,,,,,,,,37.21,,59.3,24.42,40.7,5.0,,,36.05,,,,,,,,,,,,,,,,,,,,,,,,,50.95,5.99,46.42,25.11,53.58,5.0,,5.26,22.34,,,,,,,,,,,,,,,,,,,,,,,,,,,,
740388,,,,,,,,,,,,,6.25,30.73,,56.25,5.0,43.75,5.0,,,56.25,,,,,,,,,,,,,,,,,,,,,,,5.0,5.0,60.32,5.0,53.52,5.0,46.48,5.0,5.0,5.61,28.85,,,,,,,,,,,,,,,,,,,,,,,,,,,,
740500,,,,,,,,,,,,,,,,,,,,,,,,,,,,,,,,,,,,,,,,,,,,,5.0,5.0,31.34,5.0,71.64,35.82,28.36,5.0,,5.0,27.86,,,,,,,,,,,,,,,,,,,,,,,,,,,,
750317,,,,,,,,,,,,,,,,,,,,,,,,,,,,,,,,,,,,,,,,,,,,,,,5.0,,64.06,12.5,35.94,5.0,,5.0,79.69,,,,,,,,,,,,,,,,,,,,,,,,,,,,
750318,,,,,,,,,,,,,,,,55.56,5.56,44.44,5.0,,,92.59,,,,,,,,,,,,,,,,,,,,,,,,,5.0,5.0,45.6,9.34,54.4,5.0,,6.41,82.23,,,,,,,,,,,,,,,,,,,,,,,,,,,,
760318,,,,,,,,,,,,,,5.0,,44.32,21.59,55.68,5.68,,,68.18,,,,,,,,,,,,,,,,,,,,,,,5.0,5.0,9.52,5.0,44.27,24.34,55.73,5.0,,8.64,60.32,,,,,,,,,,,,,,,,,,,,,,,,,,,,
760339,,,,,,,,,,,,,5.0,,,53.21,10.09,46.79,5.0,,,84.4,,,,,,,,,,,,,,,,,,,,,,,5.0,5.0,5.0,5.0,48.09,12.74,51.91,5.0,,6.69,77.87,,,,,,,,,,,,,,,,,,,,,,,,,,,,
760348,,,,,,,,,,,,5.0,5.0,5.0,,57.14,20.24,42.86,5.0,,5.0,72.62,,,,,,,,,,,,,,,,,,,,,,,5.0,5.0,5.0,5.0,43.75,21.28,56.25,5.0,,6.52,70.48,,,,,,,,,,,,,,,,,,,,,,,,,,,,
760354,,,,,,,,,,,,,8.33,,,50.0,25.0,50.0,8.33,,,58.33,,,,,,,,,,,,,,,,,,,,,,,5.0,5.0,5.0,5.0,60.52,29.68,39.48,5.0,5.0,5.0,59.65,,,,,,,,,,,,,,,,,,,,,,,,,,,,
760358,,,,,,,,,,,,,5.0,,,60.32,12.7,39.68,5.0,,5.0,84.13,,,,,,,,,,,,,,,,,,,,,,,5.0,5.0,5.0,5.0,45.34,18.26,54.66,5.0,,6.8,78.72,,,,,,,,,,,,,,,,,,,,,,,,,,,,
760380,,,,,,,,,,,,,11.54,5.0,,64.42,8.65,35.58,5.0,,,75.0,,,,,,,,,,,,,,,,,,,,,,,5.0,8.84,5.0,5.0,49.05,9.01,50.95,5.0,,6.24,74.87,,,,,,,,,,,,,,,,,,,,,,,,,,,,
760382,,,,,,,,,,,,,,,,,,,,,,,,,,,,,,,,,,,,,,,,,,,,,,,,,,,,,,,,43.86,5.26,56.14,5.0,10.53,91.23,,,,,,,,,,,,,,,,,,,,,,
760388,,,,,,,,,,,,,5.0,,,57.3,5.0,42.7,5.0,,,92.13,,,,,,,,,,,,,,,,,,,,,,,5.0,5.0,5.0,5.0,46.66,6.39,53.34,5.0,,7.13,88.41,,,,,,,,,,,,,,,,,,,,,,,,,,,,
761304,,,,,,,,,,,,,5.0,8.75,,54.58,35.83,45.42,5.0,,5.0,49.58,,,,,,,,,,,,,,,,,,,,,,,5.0,5.0,14.46,6.95,50.89,45.26,49.11,5.0,,6.76,34.27,,,,,,,,,,,,,,,,,,,,,,,,,,,,
76A000,,,,,,,,,,,,,,,,,,,,,,,,,5.0,,68.92,5.41,31.08,,,,91.89,,,,,,,,,,,,,,,,,,,,,,,,,,,,,,,5.0,5.0,60.0,5.0,40.0,5.0,,5.0,89.17,,,,,,,,,,,
770342,,,,,,,,,,,,,,,,,,,,,,,,,,,,,,,,,,,,,,,,,,,,,,,,,,,,,,,,,,,,,,5.0,,64.29,,35.71,,64.29,5.0,,25.0,28.57,,,,,,,,,,,
770348,,,,,,,,,,,,5.0,5.0,16.43,,63.57,7.86,36.43,5.0,,,70.0,,,,,,,,,,,,,,,,,,,,,,,5.0,5.0,37.6,5.0,48.76,8.53,51.24,5.0,,8.01,45.69,,,,,,,,,,,,,,,,,,,,,,,,,,,,
770349,,,,,,,,,,,,,,,,,,,,,,,,,,,,,,,,,,,,,,,,,,,,,5.0,5.0,21.8,5.0,69.92,16.92,30.08,5.0,5.0,5.0,51.13,,,,,,,,,,,,,,,,,,,,,,,,,,,,
770351,,,,,,,,,,,,,,,,50.0,8.33,50.0,,,,91.67,,,,,,,,,,,,,,,,,,,,,,,5.0,5.0,33.51,5.0,47.76,9.76,52.24,5.0,,9.76,49.87,,,,,,,,,,,,,,,,,,,,,,,,,,,,
780325,,,,,,,,,,,,26.67,,23.33,6.67,50.0,13.33,50.0,,,,36.67,,,,,,,,,,,,,,,,,,,,,,,31.69,,37.6,5.0,49.61,5.0,50.39,5.12,5.0,6.3,20.47,,,,,,,,,,,,,,,,,,,,,,,,,,,,
780342,,,,,,,,,,,,21.88,5.0,13.64,5.0,62.78,8.81,37.22,5.11,,5.0,47.44,,,,,,,,,,,,,,,,,,,,,,,24.24,5.0,30.92,5.0,56.72,11.37,43.28,5.47,5.0,6.61,26.01,,,,,,,,,,,,,,,,,,,,,,,,,,,,
780385,,,,,,,,,,,,,,,,,,,,,,,,,,,,,,,,,,,,,,,,,,,,,30.39,5.0,14.36,5.0,61.33,26.52,38.67,5.0,,,22.65,,,,,,,,,,,,,,,,,,,,,,,,,,,,
780391,,,,,,,,,,,,20.0,10.0,30.0,,70.0,20.0,30.0,10.0,,,10.0,,,,,,,,,,,,,,,,,,,,,,,39.61,5.0,22.16,8.63,52.16,27.84,47.84,5.1,,6.08,5.1,,,,,,,,,,,,,,,,,,,,,,,,,,,,
780401,,,,,,,,,,,,5.13,,20.51,,64.1,33.33,35.9,10.26,,,30.77,,,,,,,,,,,,,,,,,,,,,,,16.97,5.0,25.65,8.03,48.96,30.31,51.04,5.57,,5.83,21.37,,,,,,,,,,,,,,,,,,,,,,,,,,,,
780402,,,,,,,,,,,,,,,,,,,,,,,,,,,,,,,,,,,,,,,,,,,,,61.38,,26.51,5.0,59.65,5.0,40.35,5.0,,11.82,5.48,,,,,,,,,,,,,,,,,,,,,,,,,,,,
780420,,,,,,,,,,,,85.71,5.0,5.0,,60.44,5.0,39.56,5.0,,5.0,5.49,,,,,,,,,,,,,,,,,,,,,,,86.59,5.0,6.15,5.0,48.21,5.0,51.79,5.0,5.0,6.8,5.0,,,,,,,,,,,,,,,,,,,,,,,,,,,,
790314,,,,,,,,,,,,,5.0,6.0,,51.0,7.0,49.0,5.0,,,82.0,,,,,,,,,,,,,,,,,,,,,,,5.0,5.0,9.24,5.0,46.67,15.0,53.33,5.0,,10.15,70.76,,,,,,,,,,,,,,,,,,,,,,,,,,,,
790354,,,,,,,,,,,,,5.0,19.01,5.0,62.81,8.26,37.19,5.0,,,64.46,,,,,,,,,,,,,,,,,,,,,,,5.0,5.0,22.4,5.0,52.2,15.17,47.8,5.47,,7.58,54.85,,,,,,,,,,,,,,,,,,,,,,,,,,,,
790366,,,,,,,,,,,,,,,,,,,,,,,,,,,,,,,,,,,,,,,,,,,,,5.0,5.0,42.98,5.0,49.79,18.51,50.21,7.87,5.0,13.19,29.36,,,,,,,,,,,,,,,,,,5.0,5.0,39.02,5.0,62.2,7.32,37.8,6.1,,5.0,45.12
790378,,,,,,,,,,,,,5.0,5.0,,69.35,5.0,30.65,5.0,,5.0,88.71,,,,,,,,,,,,,,,,,,,,,,,5.0,5.0,8.23,5.0,50.61,6.54,49.39,5.0,5.0,12.35,80.02,,,,,,,,,,,,,,,,,,,,,,,,,,,,
790379,,,,,,,,,,,,,,,,,,,,,,,,,,,,,,,,,,,,,,,,,,,,,5.0,5.0,17.9,,58.33,15.43,41.67,5.0,,5.0,61.42,,,,,,,,,,,,,,,,,,,,,,,,,,,,
800308,,,,,,,,,,,,,,,,,,,,,,,,,,,,,,,,,,,,,,,,,,,,,,,,,,,,,,,,,,,,,,,,54.55,9.09,27.27,15.15,72.73,,,30.3,30.3,,,,,,,,,,,
800340,,,,,,,,,,,,,5.0,5.0,,57.43,6.08,42.57,5.0,,5.0,89.19,,,,,,,,,,,,,,,,,,,,,,,5.0,5.0,7.81,5.0,47.89,7.68,52.11,5.0,5.0,13.44,81.18,,,,,,,,,,,,,,,,,,,,,,,,,,,,
800361,,,,,,,,,,,,5.0,5.0,5.0,5.0,63.53,6.67,36.47,5.0,,,85.88,,,,,,,,,,,,,,,,,,,,,,,5.0,5.0,5.0,5.0,50.38,13.57,49.62,5.0,,9.01,78.72,,,,,,,,,,,,,,,,,,,,,,,,,,,,
800376,,,,,,,,,,,,,5.0,33.05,,56.78,13.56,43.22,6.78,,5.0,43.22,,,,,,,,,,,,,,,,,,,,,,,5.0,5.0,45.45,5.13,49.65,16.32,50.35,5.36,5.0,13.52,29.6,,,,,,,,,,,,,,,,,,,,,,,,,,,,
800394,,,,,,,,,,,,,,,,,,,,,,,,,,,,,,,,,,,,,,,,,,,,,,5.0,14.59,5.0,65.67,32.19,34.33,5.0,,5.0,48.07,,,,,,,,,,,,,,,,,,,,,,,,,,,,
800396,,,,,,,,,,,,,5.0,14.18,5.0,49.65,9.93,50.35,5.0,,5.0,67.38,,,,,,,,,,,,,,,,,,,,,,,5.0,5.0,43.91,6.83,50.74,23.06,49.26,5.0,,5.17,26.94,,,,,,,,,,,,,,,,,,,,,,,,,,,,
800400,,,,,,,,,,,,,5.0,5.0,,64.24,9.27,35.76,5.0,,5.0,84.77,,,,,,,,,,,,,,,,,,,,,,,5.0,5.0,7.1,5.0,48.04,13.94,51.96,5.0,,11.53,74.65,,,,,,,,,,,,,,,,,,,,,,,,,,,,
800408,,,,,,,,,,,,,5.0,7.27,,61.82,9.09,38.18,5.0,,5.0,76.97,,,,,,,,,,,,,,,,,,,,,,,,5.0,15.37,5.0,47.93,14.88,52.07,5.0,,12.2,66.59,,,,,,,,,,,,,,,,,,,,,,,,,,,,
810324,,,,,,,,,,,,,5.0,5.0,,62.16,6.76,37.84,6.76,,,82.43,,,,,,,,,,,,,,,,,,,,,,,5.0,,6.38,5.0,50.89,9.75,49.11,6.38,,15.25,77.3,,,,,,,,,,,,,,,,,,,,,,,,,,,,
810340,,,,,,,,,,,,,5.0,7.41,,67.9,5.0,32.1,5.0,,,82.72,,,,,,,,,,,,,,,,,,,,,,,,5.0,14.98,5.0,51.63,7.98,48.37,7.17,,10.59,69.54,,,,,,,,,,,,,,,,,,,,,,,,,,,,
810384,,,,,,,,,,,,,5.0,9.91,,58.56,5.41,41.44,5.0,,,77.48,,,,,,,,,,,,,,,,,,,,,,,5.0,5.0,14.26,5.0,49.2,5.0,50.8,5.53,,11.23,74.51,,,,,,,,,,,,,,,,,,,,,,,,,,,,
810385,,,,,,,,,,,,,,,,,,,,,,,,,,,,,,,,,,,,,,,,,,,,,5.0,5.0,5.0,,58.24,10.99,41.76,5.0,,5.0,80.77,,,,,,,,,,,,,,,,,,,,,,,,,,,,
810386,,,,,,,,,,,,,,,,,,,,,,,,,,,,,,,,,,,,,,,,,,,,,,,,,,,,,,,,,,,,,,,,17.86,,25.0,5.0,75.0,7.14,,7.14,71.43,,,,,,,,,,,
81A000,5.0,5.45,5.0,,53.94,5.0,46.06,5.0,,,83.64,,,,,,,,,,,,,,,,,,,,,,,,5.56,,,61.11,,38.89,,,,94.44,,,,,,,,,,,,,,,,,,,,,,,,,,,,,,,,,,,,,,,
81B000,,,,,,,,,,,,,,,,,,,,,,,,,,,,,,,,,,,5.0,,,57.5,,42.5,5.0,,10.0,92.5,,,,,,,,,,,,,,,,,,,,,,,,,,,,,,,,,,,,,,,
820324,,,,,,,,,,,,,,,,,,,,,,,,,,,,,,,,,,,,,,,,,,,,,5.0,5.0,14.06,5.0,65.23,53.91,34.77,5.0,,5.0,29.3,,,,,,,,,,,,,,,,,,,,,,,,,,,,
820348,,,,,,,,,,,,5.26,,10.53,,60.53,34.21,39.47,,,5.0,50.0,,,,,,,,,,,,,,,,,,,,,,,5.0,,14.88,6.13,47.92,42.45,52.08,5.0,,7.66,39.39,,,,,,,,,,,,,,,,,,,,,,,,,,,,
820349,,,,,,,,,,,,,,20.59,,70.59,11.76,29.41,,,,67.65,,,,,,,,,,,,,,,,,,,,,,,5.0,,26.88,5.0,47.49,20.1,52.51,5.03,5.0,6.53,47.49,,,,,,,,,,,,,,,,,,,,,,,,,,,,
820352,,,,,,,,,,,,5.0,,5.0,,70.45,5.68,29.55,5.68,,,85.23,,,,,,,,,,,,,,,,,,,,,,,5.0,5.0,10.32,5.38,48.26,20.2,51.74,5.81,5.0,5.38,61.92,,,,,,,,,,,,,,,,,,,,,,,,,,,,
820388,,,,,,,,,,,,,,,,,,,,,,,,,,,,,,,,,,,,,,,,,,,,,5.0,5.0,32.48,8.44,48.34,41.69,51.66,5.0,,5.0,22.51,,,,,,,,,,,,,,,,,,,,,,,,,,,,
821308,,,,,,,,,,,,5.0,5.0,9.23,5.0,56.15,16.15,43.85,5.0,,5.0,66.92,,,,,,,,,,,,,,,,,,,,,,,5.0,5.0,37.86,5.0,52.57,21.29,47.43,5.0,,5.0,33.14,,,,,,,,,,,,,,,,,,,,,,,,,,,,
830316,,,,,,,,,,,,,,,,,,,,,,,,,,,,,,,,,,,,,,,,,,,,,,,,,,,,,,,,,,,,,,,,76.92,,30.77,5.0,69.23,5.0,,34.62,15.38,,,,,,,,,,,
830343,,,,,,,,,,,,11.9,5.0,27.78,,50.79,5.0,49.21,,,,55.56,,,,,,,,,,,,,,,,,,,,,,,16.05,5.0,46.01,5.0,46.29,5.0,53.71,5.0,,10.76,30.61,,,,,,,,,,,,,,,,,,,,,,,,,,,,
830348,,,,,,,,,,,,,,,,,,,,,,,,,,,,,,,,,,,,,,,,,,,,,13.79,5.0,25.0,,67.24,5.0,32.76,10.34,,,43.1,,,,,,,,,,,,,,,,,,,,,,,,,,,,
840302,,,,,,,,,,,,,,,,,,,,,,,,,,,,,,,,,,,,,,,,,,,,,5.0,5.0,42.86,5.0,49.84,11.43,50.16,7.3,,17.78,33.33,,,,,,,,,,,,,,,,,,,,,,,,,,,,
840332,,,,,,,,,,,,,5.0,,,51.72,5.0,48.28,,,,93.1,,,,,,,,,,,,,,,,,,,,,,,5.0,5.0,9.42,5.0,49.62,5.0,50.38,5.0,,13.65,79.81,,,,,,,,,,,,,,,,,,,,,,,,,,,,
840356,,,,,,,,,,,,,,,,,,,,,,,,,,,,,,,,,,,,,,,,,,,,,,5.0,12.2,5.0,44.12,7.98,55.88,5.0,5.0,11.97,75.83,,,,,,,,,,,,,,,,,,,,,,,,,,,,
840361,,,,,,,,,,,,,,,,,,,,,,,,,,,,,,,,,,,,,,,,,,,,,,14.19,8.39,5.0,64.52,16.77,35.48,5.0,5.0,5.0,56.13,,,,,,,,,,,,,,,,,,,,,,,,,,,,
840368,,,,,,,,,,,,,,,,48.94,5.0,51.06,5.0,,,93.62,,,,,,,,,,,,,,,,,,,,,,,5.0,5.0,5.0,5.0,45.1,11.51,54.9,5.0,,10.26,85.54,,,,,,,,,,,,,,,,,,,,,,,,,,,,
840370,,,,,,,,,,,,,,,,,,,,,,,,,,,,,,,,,,,,,,,,,,,,,,,14.81,,40.74,7.41,59.26,11.11,,29.63,66.67,,,,,,,,,,,,,,,,,,,,,,,,,,,,
84B000,,,,,,,,,,,,,,,,,,,,,,,,6.94,5.0,,61.11,5.0,38.89,5.0,5.0,,88.43,,,,,,,,,,,,,,,,,,,,,,,,,,,,,,,,,,,,,,,,,,,,,,,,,,
850324,,,,,,,,,,,,,,,,,,,,,,,,,,,,,,,,,,,,,,,,,,,,,,,,,,,,,,,,,,,,,,,,6.0,,48.0,5.0,52.0,5.0,,24.0,86.0,,,,,,,,,,,
850332,,,,,,,,,,,,,,,,76.19,5.0,23.81,5.0,,,90.48,,,,,,,,,,,,,,,,,,,,,,,,,5.0,5.0,48.9,5.0,51.1,5.0,,12.93,94.01,,,,,,,,,,,,,,,,,,,,,,,,,,,,
850352,,,,,,,,,,,,,,,,56.52,5.0,43.48,10.87,,,84.78,,,,,,,,,,,,,,,,,,,,,,,5.0,5.0,6.33,5.0,51.19,5.0,48.81,5.0,,12.14,85.22,,,,,,,,,,,,,,,,,,,,,,,,,,,,
850358,,,,,,,,,,,,,,,,64.18,5.0,35.82,5.0,,,94.03,,,,,,,,,,,,,,,,,,,,,,,5.0,5.0,5.0,5.0,50.7,5.0,49.3,5.0,5.0,8.19,89.49,,,,,,,,,,,,,,,,,,,,,,,,,,,,
850360,,,,,,,,,,,,,,,,,,,,,,,,,,,,,,,,,,,,,,,,,,,,,,,5.0,,63.95,6.4,36.05,5.0,5.0,5.0,89.53,,,,,,,,,,,,,,,,,,,,,,,,,,,,
860316,,,,,,,,,,,,,5.0,,,50.0,5.0,50.0,,,,94.59,,,,,,,,,,,,,,,,,,,,,,,5.0,5.0,5.0,5.0,47.34,9.27,52.66,5.0,,7.89,84.81,,,,,,,,,,,,,,,,,,,,,,,,,,,,
860336,,,,,,,,,,,,,,,,53.57,5.0,46.43,5.0,,5.0,94.64,,,,,,,,,,,,,,,,,,,,,,,5.0,5.0,5.0,5.0,46.92,15.15,53.08,5.0,,8.98,77.88,,,,,,,,,,,,,,,,,,,,,,,,,,,,
860352,,,,,,,,,,,,,,,,66.67,23.61,33.33,,,,76.39,,,,,,,,,,,,,,,,,,,,,,,,,5.0,7.26,50.33,33.17,49.67,5.0,,7.26,65.02,,,,,,,,,,,,,,,,,,,,,,,,,,,,
860354,,,,,,,,,,,,,,,,,,,,,,,,,,,,,,,,,,,,,,,,,,,,,,5.0,5.0,5.0,60.95,39.64,39.05,5.0,,5.0,54.73,,,,,,,,,,,,,,,,,,,,,,,,,,,,
861308,,,,,,,,,,,,,5.0,,,59.62,9.62,40.38,5.0,,,82.69,,,,,,,,,,,,,,,,,,,,,,,,5.0,5.0,5.0,48.98,17.49,51.02,6.71,,5.83,70.85,,,,,,,,,,,,,,,,,,,,,,,,,,,,
862312,,,,,,,,,,,,,,5.0,,49.15,6.78,50.85,5.0,,,88.14,,,,,,,,,,,,,,,,,,,,,,,,5.0,6.91,5.0,50.13,15.86,49.87,5.0,,8.44,71.87,,,,,,,,,,,,,,,,,,,,,,,,,,,,
86T000,,,,,46.15,,53.85,7.69,,,92.31,,,,,,,,,,,,,,,,,,,,,,,,,,,,,,,,,,,,,,,,,,,,,,,,,,,,,,,,,,,,,,,,,,,,,,,,
870314,,,,,,,,,,,,15.79,5.0,,,59.65,5.0,40.35,5.26,,,75.44,,,,,,,,,,,,,,,,,,,,,,,20.26,5.0,5.0,5.0,47.36,5.0,52.64,5.0,5.0,10.35,70.04,,,,,,,,,,,,,,,,,,,,,,,,,,,,
880308,,,,,,,,,,,,,5.0,,,68.7,5.0,31.3,5.0,,,92.17,,,,,,,,,,,,,,,,,,,,,,,5.0,5.0,5.0,5.0,49.67,5.83,50.33,6.67,5.0,7.0,81.0,,,,,,,,,,,,,,,,,,,,,,,,,,,,
880320,,,,,,,,,,,,,,,,,,,,,,,,,,,,,,,,,,,,,,,,,,,,,,,11.48,5.0,39.34,9.84,60.66,11.48,,13.11,67.21,,,,,,,,,,,,,,,,,,,,,,,,,,,,
880328,,,,,,,,,,,,,,,,54.05,,45.95,,,,95.0,,,,,,,,,,,,,,,,,,,,,,,5.0,,,5.0,43.58,5.0,56.42,5.0,,12.06,95.0,,,,,,,,,,,,,,,,,,,,,,,,,,,,
890304,,,,,,,,,,,,,,,,,,,,,,,,,,,,,,,,,,,,,,,,,,,,,5.0,5.0,29.45,5.0,45.89,16.44,54.11,5.0,,8.22,45.21,,,,,,,,,,,,,,,,,,,,,,,,,,,,
900311,,,,,,,,,,,,5.0,7.19,5.0,,59.16,5.0,40.84,5.0,,5.0,83.06,,,,,,,,,,,,,,,,,,,,,,,,5.0,7.03,5.0,49.63,7.2,50.37,5.0,,5.0,79.64,,,,,,,,,,,,,,,,,,,,,,,,,,,,
900316,,,,,,,,,,,,,5.0,18.18,,64.65,28.28,35.35,5.0,,,50.51,,,,,,,,,,,,,,,,,,,,,,,,5.0,29.88,7.09,46.93,30.97,53.07,5.0,,14.32,35.06,,,,,,,,,,,,,,,,,,,,,,,,,,,,
900336,,,,,,,,,,,,,5.0,26.24,5.0,63.83,50.35,36.17,5.0,,5.0,17.02,,,,,,,,,,,,,,,,,,,,,,,5.0,5.0,32.08,16.45,50.76,51.59,49.24,5.0,,12.69,11.52,,,,,,,,,,,,,,,,,,,,,,,,,,,,
900342,,,,,,,,,,,,,5.0,6.87,,59.23,8.15,40.77,5.0,,5.0,79.4,,,,,,,,,,,,,,,,,,,,,,,5.0,5.0,13.19,5.0,44.63,15.87,55.37,5.0,5.0,9.43,65.8,,,,,,,,,,,,,,,,,,,,,,,,,,,,
900344,,,,,,,,,,,,,5.0,5.0,,52.75,8.24,47.25,5.0,,5.0,80.22,,,,,,,,,,,,,,,,,,,,,,,5.0,5.0,8.91,5.0,45.71,10.29,54.29,5.0,,11.24,77.09,,,,,,,,,,,,,,,,,,,,,,,,,,,,
900348,,,,,,,,,,,,,5.0,5.0,,52.81,5.06,47.19,5.0,,5.0,89.89,,,,,,,,,,,,,,,,,,,,,,,5.0,5.0,5.0,5.0,46.54,9.83,53.46,5.0,,9.53,82.95,,,,,,,,,,,,,,,,,,,,,,,,,,,,
900360,,,,,,,,,,,,5.0,5.0,13.86,5.0,59.08,6.6,40.92,5.0,,5.0,69.97,,,,,,,,,,,,,,,,,,,,,,,5.0,5.0,16.36,5.0,43.44,13.96,56.56,5.0,,10.63,63.22,,,,,,,,,,,,,,,,,,,,,,,,,,,,
900365,,,,,,,,,,,,,,,,,,,,,,,,,,,,,,,,,,,,,,,,,,,,,,,,,,,,,,,,,,,,,,5.0,,23.89,5.31,33.63,20.35,66.37,5.0,,22.12,52.21,,,,,,,,,,,
900366,,,,,,,,,,,,5.0,5.0,12.59,,54.9,9.09,45.1,5.0,,5.0,73.78,,,,,,,,,,,,,,,,,,,,,,,5.0,5.0,10.28,5.0,43.44,11.91,56.56,5.0,,5.0,72.26,,,,,,,,,,,,,,,,,,,,,,,,,,,,
900367,,,,,,,,,,,,,,,,,,,,,,,,,,,,,,,,,,,,,,,,,,,,,5.0,5.0,9.41,5.0,62.37,28.76,37.63,5.0,,5.0,55.91,,,,,,,,,,,,,,,,,,,,,,,,,,,,
900377,,,,,,,,,,,,5.0,8.27,5.0,,50.96,5.0,49.04,5.0,,5.0,83.27,,,,,,,,,,,,,,,,,,,,,,,5.0,6.64,5.72,5.0,39.36,5.0,60.64,5.0,,5.0,80.89,,,,,,,,,,,,,,,,,,,,,,,,,,,,
900393,,,,,,,,,,,,,12.78,5.0,5.0,54.64,5.0,45.36,5.0,5.0,5.0,75.66,,,,,,,,,,,,,,,,,,,,,,,,7.53,5.0,5.0,45.07,5.0,54.93,5.0,5.0,5.0,82.17,,,,,,,,,,,,,,,,,,,16.19,5.0,5.0,57.14,5.0,42.86,8.57,,,67.62
90A000,,5.0,7.19,,66.47,9.58,33.53,5.0,,5.0,78.44,,,,,,,,,,,,,,,,,,,,,,,,5.0,9.76,,43.9,14.63,56.1,5.0,,14.63,70.73,,,,,,,,,,,,,,,,,,,,,,,,,,,,,,,,,,,,,,,
910364,,,,,,,,,,,,,,36.36,,69.7,15.15,30.3,,,,48.48,,,,,,,,,,,,,,,,,,,,,,,,,56.69,5.0,50.39,20.28,49.61,5.0,,10.43,19.49,,,,,,,,,,,,,,,,,,,,,,,,,,,,
910368,,,,,,,,,,,,,,,,,,,,,,,,,,,,,,,,,,,,,,,,,,,,,,,81.18,5.0,47.06,7.06,52.94,5.0,,14.12,10.59,,,,,,,,,,,,,,,,,,,,,,,,,,,,
910370,,,,,,,,,,,,,5.0,58.75,5.0,55.0,6.25,45.0,5.0,5.0,,23.75,,,,,,,,,,,,,,,,,,,,,,,5.0,5.0,72.2,5.0,51.45,8.92,48.55,5.0,5.0,11.0,14.52,,,,,,,,,,,,,,,,,,,,,,,,,,,,
910382,,,,,,,,,,,,,,,,,,,,,,,,,,,,,,,,,,,,,,,,,,,,,,5.0,39.39,,61.62,19.19,38.38,5.0,,5.0,37.37,,,,,,,,,,,,,,,,,,,,,,,,,,,,
91A000,,5.0,,,55.56,5.0,44.44,,,,92.59,,,,,,,,,,,,,,,,,,,,,,,5.0,5.0,5.0,,55.36,,44.64,,,,92.86,,,,,,,,,,,,,,,,,,,,,,,,,,,,,,,,,,,,,,,
91B000,,,74.75,,55.56,21.21,44.44,5.0,,5.0,5.0,,,,,,,,,,,,,,,,,,,,,,,,,66.67,,66.67,30.0,33.33,,,,5.0,,,,,,,,,,,,,,,,,,,,,,,,,,,,,,,,,,,,,,,
920316,,,,,,,,,,,,5.0,13.09,5.0,5.0,56.86,6.86,43.14,5.0,5.0,5.0,72.32,,,,,,,,,,,,,,,,,,,,,,,5.0,8.96,8.34,5.0,47.67,11.12,52.33,5.0,5.0,8.83,67.89,,,,,,,,,,,,,,,,,,,,,,,,,,,,
920317,,,,,,,,,,,,,7.13,7.25,5.0,56.76,5.43,43.24,5.0,,5.0,77.17,,,,,,,,,,,,,,,,,,,,,,,5.0,6.22,8.29,5.0,44.71,6.7,55.29,5.0,5.0,6.22,73.88,,,,,,,,,,,,,,,,,,,,,,,,,,,,
920318,,,,,,,,,,,,5.0,10.87,10.36,5.0,55.86,9.17,44.14,5.0,,5.0,65.37,,,,,,,,,,,,,,,,,,,,,,,5.0,6.73,26.37,7.68,48.54,15.28,51.46,5.0,5.0,10.53,46.71,,,,,,,,,,,,,,,,,,,,,,,,,,,,
920324,,,,,,,,,,,,,,,,,,,,,,,,,,,,,,,,,,,,,,,,,,,,,,,,,,,,,,,,,,,,,,,,69.57,,30.43,8.7,69.57,5.0,,95.0,17.39,,,,,,,,,,,
920348,,,,,,,,,,,,,5.0,7.26,5.0,53.17,5.41,46.83,5.0,,5.0,81.14,,,,,,,,,,,,,,,,,,,,,,,5.0,5.0,30.09,7.73,45.84,14.26,54.16,5.0,5.0,15.08,50.15,,,,,,,,,,,,,,,,,,,5.0,5.0,5.0,55.56,5.0,44.44,5.0,,5.0,85.99
920368,,,,,,,,,,,,5.0,8.52,12.04,5.0,53.89,13.07,46.11,5.0,,5.0,62.7,,,,,,,,,,,,,,,,,,,,,,,5.0,6.59,18.55,6.78,46.26,23.93,53.74,5.0,5.0,12.86,46.07,,,,,,,,,,,,,,,,,,,,,,,,,,,,
920386,,,,,,,,,,,,,,5.56,,83.33,5.56,16.67,5.56,,,83.33,,,,,,,,,,,,,,,,,,,,,,,,5.0,9.76,,63.41,7.32,36.59,5.0,5.0,7.32,70.73,,,,,,,,,,,,,,,,,,,,,,,,,,,,
920411,,,,,,,,,,,,5.0,5.0,24.32,5.0,62.16,26.13,37.84,5.0,,5.0,42.79,,,,,,,,,,,,,,,,,,,,,,,5.0,5.0,34.51,5.0,48.94,30.68,51.06,5.0,,12.01,28.76,,,,,,,,,,,,,,,,,,,,,,,,,,,,
920412,,,,,,,,,,,,5.0,37.08,11.35,,52.58,5.0,47.42,5.0,,5.0,44.28,,,,,,,,,,,,,,,,,,,,,,,5.0,19.31,32.56,5.0,52.38,15.99,47.62,5.0,,9.29,28.03,,,,,,,,,,,,,,,,,,,46.35,5.0,,46.35,5.0,53.65,5.15,,5.0,43.35
920428,,,,,,,,,,,,5.0,5.0,7.61,5.0,57.69,10.98,42.31,5.0,,5.0,74.67,,,,,,,,,,,,,,,,,,,,,,,5.0,5.0,15.38,5.0,43.56,16.73,56.44,5.0,5.0,10.91,61.79,,,,,,,,,,,,,,,,,,,,,,,,,,,,
920436,,,,,,,,,,,,5.0,5.0,28.03,5.0,61.72,16.95,38.28,5.0,,5.0,48.74,,,,,,,,,,,,,,,,,,,,,,,5.0,5.0,40.89,5.0,49.89,19.36,50.11,5.0,5.0,9.11,33.57,,,,,,,,,,,,,,,,,,,5.0,17.68,,64.64,11.6,35.36,5.0,,5.0,62.43
920441,,,,,,,,,,,,5.0,38.89,5.0,5.0,53.21,5.0,46.79,5.0,5.0,5.0,49.08,,,,,,,,,,,,,,,,,,,,,,,5.0,32.34,6.85,5.0,46.38,5.42,53.62,5.0,5.0,5.36,51.24,,,,,,,,,,,,,,,,,,,,,,,,,,,,
920445,,,,,,,,,,,,5.0,5.0,10.25,5.0,53.57,8.06,46.43,5.0,,5.0,73.73,,,,,,,,,,,,,,,,,,,,,,,5.0,5.0,17.94,5.0,43.17,12.54,56.83,5.0,,8.63,63.96,,,,,,,,,,,,,,,,,,,,,,,,,,,,
920455,,,,,,,,,,,,5.0,5.0,5.49,5.0,59.48,7.36,40.52,5.0,5.0,5.0,80.3,,,,,,,,,,,,,,,,,,,,,,,5.0,5.0,10.18,5.0,43.0,8.79,57.0,5.0,5.0,9.69,74.35,,,,,,,,,,,,,,,,,,,,,,,,,,,,
920466,,,,,,,,,,,,5.0,5.08,42.22,5.0,68.25,19.68,31.75,5.4,5.0,5.0,26.35,,,,,,,,,,,,,,,,,,,,,,,5.0,5.0,46.98,7.1,46.69,28.21,53.31,5.0,5.0,10.21,16.93,,,,,,,,,,,,,,,,,,,,,,,,,,,,
920473,,,,,,,,,,,,5.0,7.72,6.63,5.0,54.28,7.72,45.72,5.0,5.0,5.0,73.34,,,,,,,,,,,,,,,,,,,,,,,5.0,5.0,20.77,5.0,48.41,11.07,51.59,5.0,5.0,7.24,58.61,,,,,,,,,,,,,,,,,,,,,,,,,,,,
920495,,,,,,,,,,,,5.0,5.0,7.33,,55.5,8.51,44.5,5.0,5.0,5.0,76.83,,,,,,,,,,,,,,,,,,,,,,,5.0,5.0,19.25,5.0,42.25,19.25,57.75,5.0,5.0,11.54,55.77,,,,,,,,,,,,,,,,,,,,,,,,,,,,
920500,,,,,,,,,,,,,5.0,13.63,5.0,51.85,10.52,48.15,5.0,5.0,5.0,69.19,,,,,,,,,,,,,,,,,,,,,,,,5.0,29.36,5.0,45.93,16.63,54.07,5.0,5.0,9.97,46.94,,,,,,,,,,,,,,,,,,,5.0,12.82,5.0,67.52,13.68,32.48,5.0,5.0,5.0,65.81
920518,,,,,,,,,,,,,,,,,,,,,,,,,,,,,,,,,,,,,,,,,,,,,,5.0,47.11,5.0,66.12,21.49,33.88,5.0,,12.4,25.62,,,,,,,,,,,,,,,,,,,,,,,,,,,,
920526,,,,,,,,,,,,5.0,37.83,5.56,5.0,53.13,5.49,46.87,5.0,5.0,5.0,47.01,,,,,,,,,,,,,,,,,,,,,,,5.0,30.67,10.45,5.0,46.95,5.72,53.05,5.0,5.0,5.57,49.16,,,,,,,,,,,,,,,,,,,,,,,,,,,,
920528,,,,,,,,,,,,,,,,,,,,,,,,,,,,,,,,,,,,,,,,,,,,,,,55.88,5.88,41.18,30.88,58.82,7.35,,14.71,5.88,,,,,,,,,,,,,,,,,,,,,,,,,,,,
920546,,,,,,,,,,,,5.0,6.43,28.6,5.0,59.87,13.53,40.13,5.54,5.0,5.0,45.01,,,,,,,,,,,,,,,,,,,,,,,5.0,5.0,37.26,5.0,46.56,21.83,53.44,5.0,5.0,9.71,32.23,,,,,,,,,,,,,,,,,,,,,,,,,,,,
920552,,,,,,,,,,,,5.0,5.0,7.0,,61.84,8.7,38.16,5.0,,5.0,78.02,,,,,,,,,,,,,,,,,,,,,,,5.0,5.0,25.25,5.0,47.52,13.94,52.48,5.0,5.0,9.98,53.88,,,,,,,,,,,,,,,,,,,,,,,,,,,,
920556,,,,,,,,,,,,,,,,,,,,,,,,,,,,,,,,,,,,,,,,,,,,,,,50.88,5.0,42.11,24.56,57.89,5.0,,5.0,22.81,,,,,,,,,,,,,,,,,,,,,,,,,,,,
920562,,,,,,,,,,,,5.0,5.0,48.82,5.0,53.55,23.7,46.45,5.0,,5.0,22.27,,,,,,,,,,,,,,,,,,,,,,,5.0,5.0,64.31,5.24,48.79,21.88,51.21,5.0,,12.8,9.78,,,,,,,,,,,,,,,,,,,,,,,,,,,,
920581,,,,,,,,,,,,,5.0,25.0,,60.0,50.0,40.0,5.0,,5.0,15.0,,,,,,,,,,,,,,,,,,,,,,,,5.0,35.1,5.0,46.31,29.79,53.69,5.0,5.0,17.4,28.32,,,,,,,,,,,,,,,,,,,,,,,,,,,,
920582,,,,,,,,,,,,,10.0,23.33,,46.67,8.33,53.33,5.0,,5.0,55.0,,,,,,,,,,,,,,,,,,,,,,,5.0,11.18,15.29,,50.0,11.76,50.0,5.29,,5.0,55.88,,,,,,,,,,,,,,,,,,,,,,,,,,,,
920583,,,,,,,,,,,,,,,,,,,,,,,,,,,,,,,,,,,,,,,,,,,,,5.0,18.79,26.24,,72.7,18.79,27.3,5.0,5.0,5.0,30.85,,,,,,,,,,,,,,,,,,,,,,,,,,,,
920585,,,,,,,,,,,,,,,,,,,,,,,,36.36,9.09,,,9.09,95.0,,,,45.45,,,,,,,,,,,,,,,,,,,,,,,,,,,,,,14.15,36.79,5.0,,24.53,95.0,5.66,,5.66,18.87,,,,,,,,,,,
920586,,,,,,,,,,,,,,,,,,,,,,,,6.52,36.96,,95.0,15.22,,5.0,,,39.13,,,,,,,,,,,,,,,,,,,,,,,,,,,,,,5.15,44.85,,95.0,19.12,,5.0,,5.15,27.21,,,,,,,,,,,
920588,,,,,,,,,,,,5.0,5.0,11.39,5.0,58.35,5.93,41.65,5.0,,5.0,76.76,,,,,,,,,,,,,,,,,,,,,,,5.0,5.0,19.47,5.0,49.11,11.17,50.89,5.0,5.0,11.02,62.06,,,,,,,,,,,,,,,,,,,,,,,,,,,,
920595,,,,,,,,,,,,5.0,9.45,15.75,5.0,63.68,9.62,36.32,5.0,,5.0,61.86,,,,,,,,,,,,,,,,,,,,,,,5.0,5.03,30.41,5.0,46.85,13.89,53.15,5.0,5.0,8.38,47.09,,,,,,,,,,,,,,,,,,,,,,,,,,,,
92F000,,5.71,5.0,,55.71,6.43,44.29,5.0,,5.0,80.71,,,,,,,,,,,,,,,,,,,,,,,,5.0,5.0,,40.0,5.0,60.0,5.0,5.0,5.0,89.09,,,,,,,,,,,,,,,,,,,,,,,,,,,,,,,,,,,,,,,
92G000,5.0,5.0,5.26,,68.42,5.0,31.58,,,5.0,87.72,,,,,,,,,,,,,,,,,,,,,,,,,5.19,,49.35,5.19,50.65,5.0,,6.49,87.01,,,,,,,,,,,,,,,,,,,,,,,,,,,,,,,,,,,,,,,
92K000,,,,,,,,,,,,,28.39,5.0,,51.29,5.0,48.71,5.16,,5.0,58.06,,,,,,,,,,,,,,,,,,,,,,,,,,,,,,,,,,,,,,,,,,,,,,,,,,,,,,,,,,,,,
92P000,,,,,,,,,,,,,,,,,,,,,,,,5.0,,,67.5,5.0,32.5,5.0,,,90.0,,,,,,,,,,,,,,,,,,,,,,,,,,,,,,5.0,5.0,5.0,39.74,5.96,60.26,5.0,,23.84,86.75,,,,,,,,,,,
92T000,,37.29,8.47,,50.85,5.08,49.15,5.0,,,45.76,,,,,,,,,,,,,,,,,,,,,,,,33.68,15.79,5.0,37.89,7.37,62.11,6.32,,6.32,36.84,,,,,,,,,,,,,,,,,,,,,,,,,,,,,,,,,,,,,,,
92U000,,,,,,,,,,,,,5.0,5.0,,72.97,9.46,27.03,8.11,,5.0,77.03,,,,,,,,,,,,,,,,,,,,,,,,,,,,,,,,,,,,,,,,,,,,,,,,,,,,,,,,,,,,,
930352,,,,,,,,,,,,,,,,,,,,,,,,,,,,,,,,,,,,,,,,,,,,,6.1,,77.33,5.0,53.49,6.69,46.51,5.0,,10.47,7.85,,,,,,,,,,,,,,,,,,,,,,,,,,,,
930360,,,,,,,,,,,,,,,,,,,,,,,,,,,,,,,,,,,,,,,,,,,,,11.0,5.0,44.0,5.0,66.0,17.0,34.0,8.0,,5.0,18.0,,,,,,,,,,,,,,,,,,,,,,,,,,,,
930700,,,,,,,,,,,,,,,,,,,,,,,,,,,,,,,,,,,,,,,,,,,,,5.71,,40.0,,71.43,5.71,28.57,,,5.0,48.57,,,,,,,,,,,,,,,,,,,,,,,,,,,,
93A000,,,,,,,,,,,,,,,,,,,,,,,,,,,,,,,,,,83.33,,11.11,,44.44,,55.56,,,22.22,5.56,,,,,,,,,,,,,,,,,,,,,,,,,,,,,,,,,,,,,,,
93L000,,,,,,,,,,,,,,,,,,,,,,,,,,,,,,,,,,,,,,,,,,,,,,,57.14,,28.57,35.71,71.43,,,28.57,7.14,,,,,,,,,,,,,,,,,,,,,,,,,,,,
940308,,,,,,,,,,,,,,,,,,,,,,,,,,,,,,,,,,,,,,,,,,,,,,,,,,,,,,,,,,,,,,,,40.79,5.0,47.37,13.16,52.63,5.0,,9.21,42.11,,,,,,,,,,,
940316,,,,,,,,,,,,,,,,,,,,,,,,,,,,,,,,,,,,,,,,,,,,,,5.0,86.92,5.0,46.92,5.0,53.08,5.0,,6.54,6.54,,,,,,,,,,,,,,,,,,,,,,,,,,,,
940330,,,,,,,,,,,,,,,,,,,,,,,,,,,,,,,,,,,,,,,,,,,,,,,79.31,,68.97,,31.03,5.0,,,17.24,,,,,,,,,,,,,,,,,,,,,,,,,,,,
94Z000,,,,,,,,,,,,,,,,,,,,,,,,,,,,,,,,,,,,,,,,,,,,,,5.0,15.61,5.0,52.32,10.55,47.68,5.06,5.0,5.0,67.93,,,,,,,,,,,,,,,,,,,,,,,,,,,,
950336,,,,,,,,,,,,,5.0,5.0,,62.98,5.0,37.02,5.0,,5.0,91.49,,,,,,,,,,,,,,,,,,,,,,,,5.0,5.0,5.0,48.68,5.98,51.32,5.0,5.0,14.46,89.29,,,,,,,,,,,,,,,,,,,,,,,,,,,,
950338,,,,,,,,,,,,,5.0,5.0,,31.03,6.9,68.97,,,,86.21,,,,,,,,,,,,,,,,,,,,,,,,5.0,5.0,,35.84,5.38,64.16,5.0,,11.11,92.47,,,,,,,,,,,,,,,,,,,,,,,,,,,,
960324,,,,,,,,,,,,,5.0,10.26,,52.14,12.82,47.86,5.13,,,68.38,,,,,,,,,,,,,,,,,,,,,,,,5.0,20.02,5.0,47.56,10.7,52.44,5.0,,7.52,63.14,,,,,,,,,,,,,,,,,,,,,,,,,,,,
960330,,,,,,,,,,,,,5.0,31.76,,67.06,7.06,32.94,7.06,,,50.59,,,,,,,,,,,,,,,,,,,,,,,5.0,5.0,53.66,5.0,54.51,10.28,45.49,5.0,,8.03,31.41,,,,,,,,,,,,,,,,,,,,,,,,,,,,
960335,,,,,,,,,,,,,,81.82,,72.73,,27.27,18.18,,,,,,,,,,,,,,,,,,,,,,,,,,,,90.07,5.0,55.32,5.32,44.68,5.0,,9.93,5.0,,,,,,,,,,,,,,,,,,,,,,,,,,,,
960372,,,,,,,,,,,,,13.33,6.67,,26.67,6.67,73.33,,,,73.33,,,,,,,,,,,,,,,,,,,,,,,5.0,5.0,12.27,5.0,42.93,11.47,57.07,5.0,,10.4,69.87,,,,,,,,,,,,,,,,,,,,,,,,,,,,
960380,,,,,,,,,,,,,,23.53,,61.76,20.59,38.24,,5.0,,52.94,,,,,,,,,,,,,,,,,,,,,,,,,34.0,8.38,45.88,32.88,54.13,5.0,5.0,6.75,30.38,,,,,,,,,,,,,,,,,,,,,,,,,,,,
960386,,,,,,,,,,,,,,12.5,,54.17,33.33,45.83,8.33,,,45.83,,,,,,,,,,,,,,,,,,,,,,,5.0,5.0,18.0,8.91,49.17,45.83,50.83,5.0,,5.94,31.54,,,,,,,,,,,,,,,,,,,,,,,,,,,,
960488,,,,,,,,,,,,,,,,,,,,,,,,,,,,,,,,,,,,60.87,,26.09,13.04,73.91,5.0,,13.04,21.74,,,,,,,,,,,,,,,,,,,,,,,,,,,,,,,,,,,,,,,
960490,,,,,,,,,,,,,,,,,,,,,,,,,,,,,,,,,,,,,,,,,,,,,5.0,5.0,20.73,5.0,65.04,32.11,34.96,5.0,,5.0,39.84,,,,,,,,,,,,,,,,,,,,,,,,,,,,
960700,,,,,,,,,,,,,,,,,,,,,,,,,,,,,,,,,,,,,,,,,,,,,,,,,,,,,,,,,,,,,,,5.0,13.62,,54.09,10.89,45.91,5.0,,5.0,69.65,,,,,,,,,,,
970320,,,,,,,,,,,,,,5.0,,63.64,9.09,36.36,5.0,,,86.36,,,,,,,,,,,,,,,,,,,,,,,,,5.0,5.0,46.76,7.18,53.24,5.0,,7.41,88.89,,,,,,,,,,,,,,,,,,,,,,,,,,,,
970356,,,,,,,,,,,,,5.0,,,66.67,13.33,33.33,,,,83.33,,,,,,,,,,,,,,,,,,,,,,,,5.0,5.0,5.0,47.43,10.96,52.57,5.0,,8.39,84.76,,,,,,,,,,,,,,,,,,,,,,,,,,,,
970388,,,,,,,,,,,,,5.0,,,61.29,5.0,38.71,,,,95.0,,,,,,,,,,,,,,,,,,,,,,,,5.0,5.0,5.0,44.55,9.0,55.45,5.0,,7.42,89.89,,,,,,,,,,,,,,,,,,,,,,,,,,,,
970390,,,,,,,,,,,,,5.0,5.97,,60.45,5.97,39.55,5.97,,,77.61,,,,,,,,,,,,,,,,,,,,,,,5.0,5.0,11.21,5.0,47.35,20.65,52.65,5.9,,5.46,60.91,,,,,,,,,,,,,,,,,,,,,,,,,,,,
970393,,,,,,,,,,,,,,,,,,,,,,,,,,,,,,,,,,,,,,,,,,,,,,5.0,5.0,,60.63,26.7,39.37,5.0,,5.0,66.06,,,,,,,,,,,,,,,,,,,,,,,,,,,,
980306,,,,,,,,,,,,,,,,,,,,,,,,,,,,,,,,,,,,94.12,,52.94,,47.06,,,5.88,5.88,,,,,,,,,,,,,,,,,,,,,,,,,,,,,,,,,,,,,,,
980318,,,,,,,,,,,,5.0,,23.53,,70.59,29.41,29.41,5.88,,,38.24,,,,,,,,,,,,,,,,,,,,,,,5.0,5.0,50.65,5.0,50.65,22.8,49.35,5.0,5.0,5.0,22.24,,,,,,,,,,,,,,,,,,,,,,,,,,,,
980336,,,,,,,,,,,,5.0,5.0,22.15,,68.99,11.39,31.01,5.0,,,60.13,,,,,,,,,,,,,,,,,,,,,,,5.0,5.0,45.11,5.0,52.36,12.2,47.64,5.0,,5.0,37.05,,,,,,,,,,,,,,,,,,,5.0,13.64,,63.64,9.09,36.36,,,,72.73
980342,,,,,,,,,,,,,5.0,18.98,,56.2,10.95,43.8,5.11,,,61.31,,,,,,,,,,,,,,,,,,,,,,,5.0,5.0,40.69,5.0,48.87,19.27,51.13,5.0,5.0,5.0,35.41,,,,,,,,,,,,,,,,,,,8.33,,,41.67,16.67,58.33,,,,75.0
980397,,,,,,,,,,,,,,,,,,,,,,,,,,,,,,,,,,,,,,,,,,,,,,5.0,43.18,5.0,39.77,26.14,60.23,5.68,,5.0,23.86,,,,,,,,,,,,,,,,,,,,,,,,,,,,
980398,,,,,,,,,,,,,,,,,,,,,,,,,,,,,,,,,,,,,,,,,,,,,,5.0,37.0,5.0,66.67,17.67,33.33,5.0,,,41.0,,,,,,,,,,,,,,,,,,,,,,,,,,,,
98B000,,,47.92,,45.83,8.33,54.17,6.25,,5.0,37.5,,,,,,,,,,,,,,,,,,,,,,,,5.0,45.0,,25.0,8.33,75.0,6.67,,5.0,38.33,,,,,,,,,,,,,,,,,,,,,,,,,,,,,,,,,,,,,,,
990322,,,,,,,,,,,,,,5.0,,72.0,9.33,28.0,,,5.0,88.0,,,,,,,,,,,,,,,,,,,,,,,5.0,5.0,5.0,5.0,46.65,20.66,53.35,5.0,,6.16,73.73,,,,,,,,,,,,,,,,,,,,,,,,,,,,
990326,,,,,,,,,,,,,,,,,,,,,,,,,,,,,,,,,,,,,,,,,,,,,5.0,,5.0,5.0,42.03,22.26,57.97,5.0,5.0,11.71,71.79,,,,,,,,,,,,,,,,,,,,,,,,,,,,
990332,,,,,,,,,,,,,,,,,,,,,,,,,,,,,,,,,,,,,,,,,,,,,,5.0,5.0,,59.41,34.65,40.59,5.0,5.0,5.0,61.39,,,,,,,,,,,,,,,,,,,,,,,,,,,,
990340,,,,,,,,,,,,,,,,,,,,,,,,,,,,,,,,,,5.88,,5.88,5.88,35.29,5.88,64.71,11.76,,,70.59,,,,,,,,,,,,,,,,,,,,,,,,,,,,,,,,,,,,,,,
995330,,,,,54.24,5.08,45.76,5.0,,,91.53,,,,,,,,,,,,,,,,,,,,,,,5.0,,5.0,5.0,46.93,7.82,53.07,5.0,,6.15,89.57,,,,,,,,,,,,,,,,,,,,,,,,,,,,,,,,,,,,,,,
