agency_code,pct_ap_A_AS7_COURSES2,pct_ap_A_BL7_COURSES2,pct_ap_A_FEM_COURSES2,pct_ap_A_HI7_COURSES2,pct_ap_A_MALE_COURSES2,pct_ap_A_MU7_COURSES2,pct_ap_A_SWD_COURSES2,pct_ap_A_WH7_COURSES2,pct_ap_H_AM7_COURSES2,pct_ap_H_AS7_COURSES2,pct_ap_H_BL7_COURSES2,pct_ap_H_ELS_COURSES2,pct_ap_H_FEM_COURSES2,pct_ap_H_HI7_COURSES2,pct_ap_H_MALE_COURSES2,pct_ap_H_MU7_COURSES2,pct_ap_H_SWD_COURSES2,pct_ap_H_WH7_COURSES2,pct_ap_T_AS7_COURSES2,pct_ap_T_BL7_COURSES2,pct_ap_T_FEM_COURSES2,pct_ap_T_HI7_COURSES2,pct_ap_T_MALE_COURSES2,pct_ap_T_MU7_COURSES2,pct_ap_T_WH7_COURSES2,pct_ccp_A_AM7_COURSES2,pct_ccp_A_AS7_COURSES2,pct_ccp_A_BL7_COURSES2,pct_ccp_A_ELS_COURSES2,pct_ccp_A_FEM_COURSES2,pct_ccp_A_HI7_COURSES2,pct_ccp_A_MALE_COURSES2,pct_ccp_A_MU7_COURSES2,pct_ccp_A_SWD_COURSES2,pct_ccp_A_WH7_COURSES2,pct_ccp_H_AM7_COURSES2,pct_ccp_H_AS7_COURSES2,pct_ccp_H_BL7_COURSES2,pct_ccp_H_ELS_COURSES2,pct_ccp_H_FEM_COURSES2,pct_ccp_H_HI7_COURSES2,pct_ccp_H_MALE_COURSES2,pct_ccp_H_MU7_COURSES2,pct_ccp_H_SWD_COURSES2,pct_ccp_H_WH7_COURSES2,pct_ccp_T_BL7_COURSES2,pct_ccp_T_ELS_COURSES2,pct_ccp_T_FEM_COURSES2,pct_ccp_T_HI7_COURSES2,pct_ccp_T_MALE_COURSES2,pct_ccp_T_MU7_COURSES2,pct_ccp_T_SWD_COURSES2,pct_ccp_T_WH7_COURSES2,pct_ib_H_AS7_COURSES2,pct_ib_H_BL7_COURSES2,pct_ib_H_FEM_COURSES2,pct_ib_H_HI7_COURSES2,pct_ib_H_MALE_COURSES2,pct_ib_H_MU7_COURSES2,pct_ib_H_WH7_COURSES2
00A000,,,72.41,,27.59,,,63.79,,,,,,,,,,,,,,,,,,,,,,86.36,,,,,77.27,,,,,,,,,,,,,,,,,,,,,,,,,
01B000,,,63.89,,36.11,,,72.22,,,,,,,,,,,,,,,,,,,,,,70.37,,,,,77.78,,,,,,,,,,,,,,,,,,,,,,,,,
01C000,,,,,,,,,,,,,,,,,,,,,,,,,,,,,,52.63,,47.37,,,84.21,,,,,,,,,,,,,,,,,,,,,,,,,
01D000,,,41.67,,58.33,,,86.11,,,,,,,,,,,,,,,,,,,,,,54.55,,45.45,,,81.82,,,,,,,,,,,,,,,,,,,,,,,,,
07A000,,,,,,,,,,,,,,,,,,,,,,,,,,,,,,,,,,,95.0,,,,,,,,,,,,,,,,,,,,,,,,,
100307,,,,,,,,,,,,,,,,,,,,,,,,,,,,,,,,,,,,,,7.39,,60.56,14.79,39.44,5.63,,70.07,,,,,,,,,,,,,,,
100308,,,,,,,,,,,,,,,,,,,,,,,,,,,,,,,,,,,,,,,,,,,,,,,,,,86.67,,,60.0,,,,,,,
100326,,,,,,,,,,,,,54.29,,45.71,,,78.57,,,,,,,,,,,,,,,,,,,,17.9,,45.27,13.04,54.73,5.37,8.44,61.64,,,,,,,,,,,,,,,
100334,,,,,,,,,,,,,70.54,,29.46,,,91.07,,,,,,,,,,,,,,,,,,,,6.2,,45.16,5.46,54.84,5.0,8.44,82.88,,,,,,,,,,,,,,,
100348,,,,,,,,,,,,,55.96,10.09,44.04,,,77.06,,,,,,,,,,,,,,,,,,,,10.96,,47.79,15.15,52.21,5.0,6.53,68.53,,,,,,,,,,,,,,,
10303,,,,,,,,,,,,,,,,,,,,,,,,,,,,,,,,,,,,,,19.46,,58.37,28.05,41.63,5.0,,43.89,,,,,,,,,,,,,,,
10324,,,,,,,,,,,10.6,,58.99,7.83,41.01,5.53,,72.81,,,,,,,,,,,,,,,,,,,,21.73,5.0,43.02,14.63,56.98,5.32,13.08,56.54,,,,,,,,,,,,,,,
10348,,,,,,,,,,,18.1,,59.05,42.86,40.95,,,30.48,,,,,,,,,,,,,,,,,,,,23.91,7.97,28.26,52.17,71.74,,13.77,18.84,,,,,,,,,,,,,,,
10360,,,,,,,,,,,38.24,,55.88,47.06,44.12,,,,,,,,,,,,,,,,,,,,,,,31.94,10.47,64.4,53.93,35.6,,19.37,9.42,,,,,,,,,,,,,,,
10388,,,,,,,,,,,6.64,,51.77,10.62,48.23,,,77.43,,,,,,,,,,,,,,,,,,,,5.54,,45.33,11.76,54.67,5.0,11.94,79.07,,,,,,,,,,,,,,,
10396,,,,,,,,,,5.0,12.24,,51.84,18.78,48.16,,,60.82,,,,,,,,,,,,,,,,,,,5.0,29.3,5.0,53.76,27.15,46.24,5.0,8.87,35.48,,,,,,,,,,,43.33,,56.67,,43.33
10400,,,,,,,,,,5.0,5.0,,54.82,8.97,45.18,,,81.06,,,,,,,,,,,,,,,,,,,,7.77,,35.34,11.31,64.66,,5.0,77.03,,,,,,,,,,,,,,,
110304,,,,,,,,,,,,,57.74,5.86,42.26,5.02,,84.94,,,,,,,,,,,,,,,,,,,,7.31,,54.19,6.24,45.81,6.02,13.55,79.14,,,,,,,,,,,,,,,
110322,,,,,,,,,,,,,,,,,,,,,,,,,,,,,,,,,,,,,,,,65.88,21.96,34.12,5.0,5.0,67.45,,,,,,,,,,,,,,,
110323,,,,,,,,,,,,,,,,,,,,,,,,,,,,,,,,,,,,,,,,68.75,,31.25,,,81.25,,,,,,,,,,,,,,,
110336,,,,,,,,,,,,,64.79,,35.21,,,83.1,,,,,,,,,,,,,,,,,,,,,,48.91,8.73,51.09,,16.16,83.41,,,,,,,,,,,,,,,
110340,,,,,,,,,,,,,69.74,21.05,30.26,,,67.11,,,,,,,,,,,,,,,,,,,,7.18,5.34,44.94,26.15,55.06,5.89,11.6,58.56,,,,,,,,,,,,,,,
110352,,,,,,,,,,,,,54.44,13.61,45.56,,6.51,78.7,,,,,,,,,,,,,,,,,,,,,,53.85,15.95,46.15,5.0,13.39,77.78,,,,,,,,,,,,,,,
110380,,,,,,,,,,,,,53.33,10.48,46.67,,,87.14,,,,,,,,,,,,,,,,,,,,,,48.16,9.63,51.84,,9.07,87.25,,,,,,,,,,,,,,,
110416,,,,,,,,,,5.0,5.0,,50.77,7.99,49.23,5.0,,79.12,,,,,,,,,,,,,,,,,,,,11.08,,49.29,14.15,50.71,6.37,7.31,65.8,,,,,,,,,,,,,,,
110500,,,,,,,,,,,,,32.79,,67.21,,,80.33,,,,,,,,,,,,,,,,,,,5.0,,,52.41,7.65,47.59,5.0,5.0,83.29,,,,,,,,,,,,,,,
111302,,,,,,,,,,,,,55.16,5.69,44.84,,,87.19,,,,,,,,,,,,,,,,,,,,8.94,,56.42,5.59,43.58,,,77.09,,,,,,,,,,,,,,,
111700,,,,,,,,,,,15.71,,57.14,7.86,42.86,,,72.86,,,,,,,,,,,,,,,,,,,,14.53,,57.26,8.55,42.74,,,73.5,,,,,,,,,,,,,,,
11C000,,,53.85,,46.15,,,95.0,,,,,,,,,,,,,,,,,,,,,,,,,,,,,,,,,,,,,,,,,,,,,,,,,,,,
11D000,,,,,,,,,,,,,,,,,,,,,52.46,,47.54,,93.44,,,,,,,,,,,,,,,,,,,,,,,62.5,,,,,95.0,,,,,,,
120308,,,,,,,,,,,,,,,,,,,,,,,,,,,,,,,,,,,,,,,,,,,,,,,,26.32,,73.68,,36.84,84.21,,,,,,,
120310,,,,,,,,,,,,,,,,,,,,,,,,,,,,,,,,,,,,,21.58,,,66.91,,33.09,,,70.5,,,,,,,,,,,,,,,
120314,,,,,,,,,,,,,49.43,,50.57,,,83.91,,,,,,,,,,,,,,,,,,,6.98,,,47.62,6.98,52.38,5.0,5.0,82.54,,,,,,,,,,,,,,,
120318,,,,,,,,,,6.99,,,55.94,15.38,44.06,,,69.23,,,,,,,,,,,,,,,,,,,5.0,10.24,7.38,50.95,17.86,49.05,6.43,8.57,60.95,,,,,,,,,,,,,,,
120346,,,,,,,,,,,,,54.17,,45.83,,,88.89,,,,,,,,,,,,,,,,,,,7.36,,,46.63,,53.37,,7.98,79.75,,,,,,,,,,,,,,,
120370,,,,,,,,,,5.33,,,58.61,16.8,41.39,,,74.59,,,,,,,,,,,,,,,,,,,,,5.0,52.63,16.23,47.37,,8.33,75.44,,,,,,,,,,,,,,,
130307,,,,,,,,,,17.54,11.48,,55.53,5.43,44.47,5.0,,60.75,,,,,,,,,,,,,,,,,,5.0,6.61,16.51,,53.9,7.93,46.1,5.0,5.0,63.01,,,,,,,,,,,,,,,
130310,,,,,,,,,,,14.35,,48.88,8.97,51.12,,,69.51,,,,,,,,,,,,,,,,,,,,19.0,5.0,49.14,22.84,50.86,5.0,8.45,51.82,,,,,,,,,,,,,,,
130314,,,,,,,,,,9.33,,,62.67,,37.33,,,74.0,,,,,,,,,,,,,,,,,,,,28.45,9.48,54.31,28.88,45.69,,9.05,38.36,,,,,,,,,,18.4,61.6,,38.4,,70.4
130316,,,,,,,,,,,10.43,,56.87,14.69,43.13,,,71.09,,,,,,,,,,,,,,,,,,,,21.87,5.0,53.35,21.57,46.65,5.0,5.0,50.44,,,,,,,,,,,,,,,
130324,,,,,,,,,,,,,61.11,,38.89,,,90.0,,,,,,,,,,,,,,,,,,,,5.0,,45.85,5.85,54.15,,7.69,88.92,,,,,,,,,,,,,,,
130326,,,,,,,,,,5.31,9.8,,62.86,9.8,37.14,5.0,,70.2,,,,,,,,,,,,,,,,,,,,26.14,,65.03,16.34,34.97,5.0,8.17,50.65,,,,,,,,,,,,,,,
130332,,,,,,,,,,10.3,15.15,,55.45,6.06,44.55,5.0,,63.03,,,,,,,,,,,,,,,,,,,5.0,18.51,,60.69,7.44,39.31,5.0,5.0,65.27,,,,,,,,,,,,,,,
130333,,,,,,,,,,,,,,,,,,,,,,,,,,,,,,,,,,,,,,,,,,,,,,,,61.9,,,,,47.62,,,,,,,
130349,,,,,,,,,,,,,,,,,,,,,,,,,,,,,,,,,,,,,,19.32,,59.66,20.45,40.34,,,50.0,,,,,,,,,,,,,,,
130350,,,,,,,,,,,,,,,,,,,,,,,,,,,,,,,,,,,,,,23.4,,68.94,23.4,31.06,,,45.11,,,,,,,,,,,,,,,
132304,,,,,,,,,,,15.56,,62.96,15.56,37.04,,,62.96,,,,,,,,,,,,,,,,,,,,28.57,6.89,49.24,36.3,50.76,6.22,6.89,27.39,,,,,,,,,,,,,,,
13A000,,,,,,,,,,,,,,,,,,,,,,,,,,,,27.54,,40.58,18.84,59.42,,,42.03,,,,,,,,,,,,,,,,,,,,,,,,,
140305,,,,,,,,,,,,,,,,,,,,,,,,,,,,,,,,,,,,,,,,57.08,8.49,42.92,,,84.91,,,,,,,,,,,,,,,
140309,,,,,,,,,,,,,,,,,,,,,,,,,,,,,,,,,,,,,,,,64.47,12.94,35.53,5.0,,80.46,,,,,,,,,,,,,,,
140348,,,,,,,,,,,,,62.9,,37.1,,,87.1,,,,,,,,,,,,,,,,,,,,6.38,,47.87,9.04,52.13,,7.98,81.38,,,,,,,,,,,,,,,
140386,,,,,,,,,,,,,52.94,,47.06,,,88.24,,,,,,,,,,,,,,,,,,,,,5.0,43.56,6.8,56.44,5.0,6.37,90.01,,,,,,,,,,,,,,,
140390,,,,,,,,,,,,,40.0,,60.0,,,72.0,,,,,,,,,,,,,,,,,,,,7.72,,42.59,15.43,57.41,6.79,8.95,70.06,,,,,,,,,,,,,,,
150304,,,,,,,,,,,,,50.0,,50.0,,,86.84,,,,,,,,,,,,,,,,,,,,13.45,,52.1,,47.9,5.46,6.72,76.47,,,,,,,,,,,,,,,
150350,,,,,,,,,,,,,,,,,,,,,,,,,,,,,,,,,,,,,,7.47,,54.02,,45.98,6.32,,82.76,,,,,,,,,,,,,,,
160313,,,,,,,,,,,,,,,55.56,,,88.89,,,,,,,,,,,,,,,,,,,,7.08,,53.75,,46.25,,9.58,85.42,,,,,,,,,,,,,,,
160314,,,,,,,,,,,,,54.84,,45.16,,,85.48,,,,,,,,,,,,,,,,,,,,,,45.38,5.88,54.62,5.04,5.0,84.59,,,,,,,,,,,,,,,
160343,,,,,,,,,,,,,,,,,,,,,,,,,,,,,,,,,,,,,,,,34.78,,65.22,,,76.09,,,,,,,,,,,,,,,
160344,,,,,,,,,,,,,65.26,,34.74,,,86.32,,,,,,,,,,,,,,,,,,,,6.59,,54.09,10.0,45.91,6.14,5.68,76.14,,,,,,,,,,,,,,,
170316,,,,,,,,,,,21.62,,62.16,,37.84,,,63.51,,,,,,,,,,,,,,,,,,,,37.77,,50.77,5.88,49.23,5.0,14.24,52.63,,,,,,,,,,,,,,,
180308,,,,,,,,,,,,,50.0,6.9,50.0,,,86.21,,,,,,,,,,,,,,,,,,,,,,54.51,5.0,45.49,,5.0,90.57,,,,,,,,,,,,,,,
180320,,,,,,,,,,,,,63.64,,36.36,,,69.7,,,,,,,,,,,,,,,,,,,9.38,5.21,5.0,54.51,13.89,45.49,5.0,5.0,66.67,,,,,,,,,,,,,,,
180325,,,,,,,,,,,,,,,,,,,,,,,,,,,,,,,,,,,,,16.22,5.9,,63.39,22.85,36.61,5.0,,52.09,,,,,,,,,,,,,,,
180340,,,,,,,,,,15.66,,,54.22,,45.78,,,75.9,,,,,,,,,,,,,,,,,,,5.47,,,53.8,7.9,46.2,5.0,5.0,80.24,,,,,,,,,,,,,,,
180348,,,,,,,,,,8.9,,,60.27,,39.73,,,81.51,,,,,,,,,,,,,,,,,,,6.52,5.0,5.0,55.28,8.7,44.72,6.52,6.52,73.29,,,,,,,,,,,,,,,
180376,,,,,,,,,,6.8,,,51.7,10.2,48.3,,,73.47,,,,,,,,,,,,,,,,,,,5.0,6.17,5.0,41.65,27.76,58.35,5.0,5.0,58.87,,,,,,,,,,,,,,,
181318,,,,,,,,,,,,,,,,,,,,,,,,,,,,,,,,,,,,,,,,,,,,,,,,77.78,,,,,,,,,,,,
181322,,,,,,,,,,5.6,10.34,,52.59,19.4,47.41,6.47,,58.19,,,,,,,,,,,,,,,,,,,,13.0,6.28,57.4,24.66,42.6,,6.73,54.26,,,,,,,,,,,64.29,22.62,35.71,,64.29
182316,,,,,,,,,,,,,34.57,18.52,65.43,,,75.31,,,,,,,,,,,,,,,,,,,5.0,13.01,10.03,42.01,32.25,57.99,8.13,6.78,42.28,,,,,,,,,,,,,,,
182700,,,,,,,,,,,,,65.91,13.64,34.09,,,76.14,,,,,,,,,,,,,,,,,,,,,,58.67,,41.33,,,76.0,,,,,,,,,,,,,,,
190316,,,,,,,,,,,,,66.2,,33.8,,,81.69,,,,,,,,,,,,,,,,,,,,6.61,,48.76,10.74,51.24,,8.68,80.17,,,,,,,,,,,,,,,
190336,,,,,,,,,,,,,52.12,59.39,47.88,,,33.33,,,,,,,,,,,,,,,,,,,,8.24,9.18,46.12,61.18,53.88,,7.53,26.82,,,,,,,,,,,,,,,
190342,,,,,,,,,,,5.22,,60.64,6.43,39.36,,,81.53,,,,,,,,,,,,,,,,,,,5.0,9.37,5.0,52.3,14.82,47.7,5.0,6.64,70.02,,,,,,,,,,,,,,,
190501,,,,,,,,,,,,,,,,,,,,,,,,,,,,,,,,,,,,,,,,49.15,,50.85,,,77.97,,,,,,,,,,,,,,,
19A000,,,,,,,,,,,,,,,,,,,,,,,,,,,,,,52.38,,47.62,,,77.38,,,,,,,,,,,,,,,,,,,,,,,,,
19B000,,,48.0,,52.0,,,82.0,,,,,,,,,,,,,,,,,,,,,,,,,,,,,,,,,,,,,,,,,,,,,,,,,,,,
200308,,,,,,,,,,,,,,,,,,,,,,,,,,,,,,,,,,,,,,,,69.33,,30.67,,,80.0,,,,,,,,,,,,,,,
200314,,,,,,,,,,,,,,,,,,,,,,,,,,,,,,,,,,,,,,,,62.24,,37.76,,,92.86,,,,,,,,,,,,,,,
200328,,,,,,,,,,,,,59.38,,40.63,,,90.63,,,,,,,,,,,,,,,,,,,,,,54.69,,45.31,,5.21,88.54,,,,,,,,,,,,,,,
200350,,,,,,,,,,,,,,,,,,,,,,,,,,,,,,,,,,,,,,,,54.55,10.49,45.45,,,85.31,,,,,,,,,,,,,,,
20302,,,,,,,,,,,,,63.06,,36.94,,,91.72,,,,,,,,,,,,,,,,,,,5.0,5.0,,36.68,6.53,63.32,5.0,11.29,84.83,,,,,,,,,,,,,,,
20303,,,,,,,,,,,,,,,,,,,,,,,,,,,,,,,,,,,,,,,,54.86,17.71,45.14,,,73.71,,,,,,,,,,,,,,,
210312,,,,,,,,,,,26.32,,65.79,,34.21,,,71.05,,,,,,,,,,,,,,,,,,,,42.72,,63.78,5.0,36.22,5.0,8.67,50.15,,,,,,,,,,,,,,,
220310,,,,,,,,,,,,,,,,,,,,,,,,,,,,,,,,,,,,,,,,59.35,,40.65,,,93.55,,,,,,,,,,,,,,,
230312,,,,,,,,,,,10.81,,63.06,,36.94,,,80.18,,,,,,,,,,,,,,,,,,,,12.92,,47.88,7.13,52.12,5.0,7.35,76.39,,,,,,,,,,,,,,,
230322,,,,,,,,,,,,,,,,,,,,,,,,,,,,,,,,,,,,,,15.49,,52.58,13.15,47.42,,,64.32,,,,,,,,,,,,,,,
230324,,,,,,,,,,,12.45,,56.23,5.0,43.77,5.0,,78.11,,,,,,,,,,,,,,,,,,,,20.77,,58.7,5.0,41.3,5.0,7.49,70.53,,,,,,,,,,,,,,,
230330,,,,,,,,,,,,,,,,,,,,,,,,,,,,,,,,,,,,,,,,,,,,,,34.38,,,,87.5,,,43.75,,,,,,,
230350,,,,,,,,,,5.65,10.73,,58.76,,41.24,,,79.1,,,,,,,,,,,,,,,,,,,5.0,13.82,,58.55,5.0,41.45,5.64,5.0,74.73,,,,,,,,,,,,,,,
230361,,,,,,,,,,,24.34,,58.55,,41.45,,,67.11,,,,,,,,,,,,,,,,,,,,51.59,5.0,48.78,9.19,51.22,5.0,8.82,36.02,,,,,,,,,,,,,,,
23A000,,,67.65,,32.35,,,88.24,,,,,,,,,,,,,,,,,,,,,,69.57,,,,,95.0,,,,,,,,,,,,,,,,,,,,,,,,,
240334,,,,,,,,,,,41.38,,65.52,,34.48,,,37.93,,,,,,,,,,,,,,,,,,22.92,,24.31,,63.19,8.33,36.81,,,41.67,,,,,,,,,,,,,,,
240371,,,,,,,,,,,,,63.64,,36.36,,,92.73,,,,,,,,,,,,,,,,,,,,16.35,,57.03,5.7,42.97,,,76.43,,,,,,,,,,,,,,,
240373,,,,,,,,,,,,,,,,,,,,,,,,,,,,,,,,,,,,,,17.92,,51.25,12.08,48.75,,5.0,64.17,,,,,,,,,,,,,,,
240380,,,,,,,,,,,33.33,,55.56,,44.44,,,61.11,,,,,,,,,,,,,,,,,,,,28.93,,48.43,,51.57,,8.81,61.01,,,,,,,,,,,,,,,
241316,,,,,,,,,,,,,,,,,,,,,,,,,,,,,,,,,,,,,,21.32,,52.04,9.09,47.96,5.0,5.0,63.64,,,,,,,,,,,,,,,
250314,,,,,,,,,,,,,,,,,,,,,,,,,,,,,,,,,,,,,9.68,18.06,,56.13,13.55,43.87,,,55.48,,,,,,,,,,,,,,,
250321,,,,,,,,,,,,,,,,,,,,,,,,,,,,,,,,,,,,,,14.42,,50.0,9.62,50.0,,,68.27,,,,,,,,,,,,,,,
250340,,,,,,,,,,,19.46,,66.44,12.75,33.56,8.05,,53.69,,,,,,,,,,,,,,,,,,,,26.46,,54.09,10.12,45.91,10.89,6.23,49.42,,,,,,,,,,,,,,,
250356,,,,,,,,,,8.09,10.98,,57.8,8.67,42.2,,,69.94,,,,,,,,,,,,,,,,,,,6.9,24.78,5.0,58.23,6.19,41.77,5.0,5.0,58.23,,,,,,,,,,,,,,,
250372,,,,,,,,,,,,,68.63,,31.37,,,74.51,,,,,,,,,,,,,,,,,,,,26.7,,64.49,14.77,35.51,5.0,8.81,54.55,,,,,,,,,,,,,,,
260318,,,,,,,,,,9.47,16.87,,58.85,14.61,41.15,9.47,,49.38,,,,,,,,,,,,,,,,,,,5.0,30.75,,51.93,17.72,48.07,8.55,6.92,37.07,,,,,,,,,,,,,,,
260322,,,,,,,,,,,40.91,,63.64,25.0,36.36,,,27.27,,,,,,,,,,,,,,,,,,,,53.81,,46.19,16.75,53.81,8.63,12.18,16.24,,,,,,,,,,,,,,,
260325,,,,,,,,,,,15.1,,54.17,9.9,45.83,5.21,,64.58,,,,,,,,,,,,,,,,,,5.0,,23.35,,51.1,10.35,48.9,6.39,5.73,55.73,,,,,,,,,,,,,,,
260347,,,,,,,,,,,,,,,,,,,,,,,,,,,,,,,,,,,,,,55.56,,65.66,18.18,34.34,8.08,,13.64,,,,,,,,,,,,,,,
260354,,,,,,,,,,,,,,,,,,,,,,,,,,,,,,,,,,,,,,49.05,,59.52,17.14,40.48,10.95,,16.19,,,,,,,,,,,,,,,
260357,,,,,,,,,,,16.95,,60.17,9.75,39.83,7.63,,62.29,,,,,,,,,,,,,,,,,,5.0,,22.85,,50.56,10.11,49.44,8.8,8.8,54.31,,,,,,,,,,,,,,,
260359,,,,,,,,,,,62.5,,58.33,,41.67,,,13.89,,,,,,,,,,,,,,,,,,,,72.13,,50.0,9.02,50.0,,13.93,9.84,,,,,,,,,,,,,,,
260388,,,,,,,,,,,15.07,,61.64,,38.36,,,60.27,,,,,,,,,,,,,,,,,,,,,,62.07,,37.93,,,55.17,,,,,,,,,,,,,,,
260408,,,,,,,,,,5.0,24.17,,58.77,11.37,41.23,8.53,,50.24,,,,,,,,,,,,,,,,,,,,44.68,,46.45,12.06,53.55,7.45,5.67,31.56,,,,,,,,,,,,,,,
260411,,,,,,,,,,,75.0,,54.17,,45.83,,,,,,,,,,,,,,,,,,,,,,,68.18,,40.91,,59.09,,,15.15,,,,,,,,,,,,,,,
260424,,,,,,,,,,,55.88,,73.53,,,,,,,,,,,,,,,,,,,,,,,,,69.75,,49.58,12.04,50.42,7.84,13.73,8.68,,,,,,,,,,,,,,,
260427,,,,,,,,,,,,,57.69,,42.31,,,,,,,,,,,,,,,,,,,,,5.0,,41.39,,50.0,14.14,50.0,9.43,10.25,29.92,,,,,,,,,,33.33,62.32,,37.68,,46.38
260446,,,,,,,,,,7.07,12.86,,55.31,10.29,44.69,7.4,,62.06,,,,,,,,,,,,,,,,,,,6.21,31.38,,56.55,8.62,43.45,5.86,5.0,47.59,,,,,,,,,,,,,,,
260449,,,,,,,,,,,,,,,,,,,,,,,,,,,,,,,,,,,,,,61.11,,,,61.11,,,,,,,,,,,,,,,,,,
260455,,,,,,,,,,,57.89,,73.68,,,,,,,,,,,,,,,,,,,,,,,,,64.18,,54.73,12.44,45.27,8.96,8.96,10.95,,,,,,,,,,,,,,,
260700,,,,,,,,,,,,,,,,,,,,,,,,,,,,,,,,,,,,,,40.0,,66.67,12.92,33.33,7.5,,37.5,,,,,,,,,,,,,,,
270306,,,,,,,,,,,,,70.0,,30.0,,,82.73,,,,,,,,,,,,,,,,,,,,5.0,,48.0,5.0,52.0,8.0,9.67,83.0,,,,,,,,,,,,,,,
270311,,,,,,,,,,,,,,,,,,,,,,,,,,,,,,,,,,,,,,,,59.49,5.64,40.51,5.64,,85.13,,,,,,,,,,,,,,,
280304,,,,,,,,,,,,,,,,,,,,,55.56,,,,88.89,,,,,,,,,,,,,,,,,,,,,,,39.29,,60.71,,17.86,78.57,,,,,,,
280316,,,,,,,,,,,,,50.38,12.78,49.62,,,77.44,,,,,,,,,,,,,,,,,,,,,5.52,44.75,18.78,55.25,,,75.14,,,,,,,,,,,,,,,
280330,,,,,,,,,,,,,56.35,,43.65,,,93.4,,,,,,,,,,,,,,,,,,,,,,49.11,9.38,50.89,,,83.93,,,,,,,,,,,,,,,
290308,,,,,,,,,,,,,60.5,,39.5,,,90.76,,,,,,,,,,,,,,,,,,,,5.0,,44.73,7.75,55.27,5.0,12.72,84.49,,,,,,,,,,,,,,,
290315,,,,,,,,,,,,,,,,,,,,,,,,,,,,,,,,,,,,,,,,64.47,14.47,35.53,,,68.42,,,,,,,,,,,,,,,
290324,,,,,,,,,,,,,62.32,,37.68,,,82.61,,,,,,,,,,,,,,,,,,,,,,48.91,9.24,51.09,,12.23,86.96,,,,,,,,,,,,,,,
290336,,,,,,,,,,5.49,5.49,,63.19,10.99,36.81,,,77.47,,,,,,,,,,,,,,,,,,,5.0,6.67,,50.24,15.48,49.76,5.0,10.95,70.0,,,,,,,,,,,,,,,
290348,,,,,,,,,,,,,60.58,5.81,39.42,,,88.8,,,,,,,,,,,,,,,,,,,,,,55.5,7.59,44.5,,7.59,88.22,,,,,,,,,,,,,,,
290349,,,,,,,,,,,,,58.67,,41.33,,,92.0,,,,,,,,,,,,,,,,,,,,5.0,,51.51,6.02,48.49,,9.04,87.35,,,,,,,,,,,,,,,
290365,,,,,,,,,,,,,53.85,,46.15,,,92.31,,,,,,,,,,,,,,,,,,,,,,60.63,,39.38,,19.38,93.75,,,,,,,,,,,,,,,
290388,,,,,,,,,,,,,53.26,,46.74,,,86.96,,,,,,,,,,,,,,,,,,,,,,55.56,6.09,44.44,,11.47,89.25,,,,,,,,,,,,,,,
290389,,,,,,,,,,,,,,,,,,,,,,,,,,,,,,,,,,,,,,7.01,,49.68,7.01,50.32,,,80.89,,,,,,,,,,,,,,,
291336,,,,,,,,,,,21.95,,73.98,34.96,26.02,12.2,,23.58,,,,,,,,,,,,,,,,,,,6.1,27.24,5.0,49.59,41.87,50.41,5.0,8.13,19.92,,,,,,,,,,,,,,,
292324,,,,,,,,,,,36.76,,60.29,42.65,39.71,,,,,,,,,,,,,,,,,,,,,,,34.11,,57.01,36.45,42.99,,5.61,24.77,,,,,,,,,,,,,,,
300312,,,,,,,,,,,5.0,,57.85,6.4,42.15,5.0,,86.63,,,,,,,,,,,,,,,,,,,,5.0,,32.32,9.76,67.68,5.0,10.63,82.65,,,,,,,,,,,,,,,
300314,,,,,,,,,,,,,,,,,,,,,,,,,,,,,,,,,,,,,,,,69.01,26.06,30.99,,,67.61,,,,,,,,,,,,,,,
30304,,,,,,,,,,,,,,,,,,,,,,,,,,,,,,,,,,,,,,,,48.89,20.74,51.11,,9.26,77.04,,,,,,,,,,,,,,,
310338,,,,,,,,,,,,,,,,,,,,,,,,,,,,,,,,,,,,,,25.74,,65.35,37.13,34.65,,,34.16,,,,,,,,,,,,,,,
310344,,,,,,,,,,,,,58.33,,41.67,,,83.33,,,,,,,,,,,,,,,,,,,,7.42,9.44,58.65,26.52,41.35,,5.17,63.6,,,,,,,,,,,,,,,
310352,,,,,,,,,,,,,,,,,,,,,,,,,,,,,,,,,,,,,,33.33,16.22,53.75,47.45,46.25,,5.0,17.12,,,,,,,,,,,,,,,
310364,,,,,,,,,,,,,,,,,,,,,,,,,,,,,,,,,,,,,,,,,,,,,,,6.15,58.1,46.93,41.9,,,46.93,,,,,,,
310392,,,,,,,,,,,25.64,,64.1,35.9,35.9,,,33.33,,,,,,,,,,,,,,,,,,,,28.84,8.46,42.95,39.81,57.05,5.0,5.0,26.65,,,,,,,,,,,,,,,
320309,,,,,,,,,,,,,,,,,,,,,,,,,,,,,,,,,,,,,5.0,63.21,,62.18,25.13,37.82,5.0,,5.7,,,,,,,,,,,,,,,
320312,,,,,,,,,,9.31,18.79,,51.9,12.76,48.1,5.0,,54.48,,,,,,,,,,,,,,,,,,,5.0,37.3,8.73,49.21,29.63,50.79,5.82,11.38,23.02,,,,,,,,,,,,,,,
320314,,,,,,,,,,,,,,,,,,,,46.43,55.36,28.57,44.64,,21.43,,,,,,,,,,,,,,,,,,,,,,,,,,,,,,,,,,,
320317,,,,,,,,,,,42.75,,86.26,44.27,13.74,,,,,,,,,,,,,,,,,,,,,,5.0,42.49,5.86,84.62,44.69,15.38,,5.0,5.86,,,,,,,,,,,,,,,
320323,,,,,,,,,,,,,,,,,,,7.07,16.75,70.42,12.3,29.58,5.0,59.16,,,,,,,,,,,,,,,,,,,,,,,,,,,,,,,,,,,
320325,,,,,,,,,,,73.94,8.48,60.61,17.58,39.39,,,,,,,,,,,,,,,,,,,,,,,72.53,8.79,45.6,21.98,54.4,,14.84,,,,,,,,,,,85.06,62.07,,37.93,,
320341,,,,,,,,,,,,,,,,,,,,,,,,,,,,,,,,,,,,,,,,,,,,,,86.11,,47.22,,52.78,,27.78,,,,,,,,
320353,,,,,,,,,,,,,,,,,,,,,,,,,,,,,,,,,,,,,,32.07,,62.5,26.63,37.5,,,34.24,,,,,,,,,,,,,,,
320356,,,,,,,,,,5.0,28.85,,64.74,19.23,35.26,5.0,,44.23,,,,,,,,,,,,,,,,,,,,39.29,9.18,57.14,27.55,42.86,6.12,12.76,25.0,,,,,,,,,,,,,,,
320365,,,,,,,,,,5.74,13.88,,47.13,16.27,52.87,5.0,,59.57,,,,,,,,,,,,,,,,,,,,41.04,15.54,43.43,29.88,56.57,,13.15,24.3,,,,,,,,,,,,,,,
320368,,,,,,,,,,,43.88,,63.27,45.92,36.73,,,,,,,,,,,,,,,,,,,,,,,45.28,12.83,27.92,47.92,72.08,,13.21,,,,,,,,,,,,,,,,
320701,,,,,,,,,,,92.31,,,,,,,,,,,,,,,,,,,,,,,,,,,75.6,,40.19,18.18,59.81,,8.61,,,,,,,,,,,,,,,,
32L000,,16.07,47.32,,52.68,,,73.21,,,,,,,,,,,,,,,,,,,,,,58.06,,41.94,,,77.42,,,,,,,,,,,,,,,,,,,,,,,,,
32N000,,,,,,,,,,20.47,7.87,,48.03,5.91,51.97,8.66,,57.09,,,,,,,,,,,,,,,,,,,,,,,,,,,,,,,,,,,,,,,,,,
330326,,,,,,,,,,,,,,,,,,,,,,,,,,,,,,,,,,,,,,20.96,,59.28,17.37,40.72,,,59.28,,,,,,,,,,,,,,,
330328,,,,,,,,,,,83.33,,,,55.56,,,,,,,,,,,,,,,,,,,,,,,78.08,,52.05,14.38,47.95,,12.33,,,,,,,,,,,,,,,,
330350,,,,,,,,,,,38.46,,73.85,,26.15,,,55.38,,,,,,,,,,,,,,,,,,,,39.36,,70.21,8.51,29.79,5.0,5.0,47.52,,,,,,,,,,,,,,,
330358,,,,,,,,,,,,,64.0,,,,,44.0,,,,,,,,,,,,,,,,,,,,71.73,,69.62,6.33,30.38,,8.02,19.41,,,,,,,,,,,,,,,
33A000,,,62.5,,,,,68.75,,,,,,,,,,,,,,,,,,,,29.59,,59.18,13.27,40.82,,,53.06,,,,,,,,,,,,,,,,,,,,,,,,,
340311,,,,,,,,,,7.37,17.63,,36.22,10.9,63.78,5.0,,60.26,,,,,,,,,,,,,,,,,,,,39.38,,71.25,13.75,28.75,,,36.88,,,,,,,,,,,,,,,
340330,,,,,,,,,,,61.54,,82.05,25.64,,,,,,,,,,,,,,,,,,,,,,,,60.56,,63.38,28.17,36.62,,16.9,,,,,,,,,,,,,,,,
340336,,,,,,,,,,,,,,,,,,,,,,,,,,,,,,,,,,,,,,35.29,19.61,35.29,31.37,64.71,,95.0,25.49,,,,,,,,,,,,,,,
340362,,,,,,,,,,,,,,,,,,,,,,,,,,,,,,,,,,,,,10.9,18.8,,59.4,22.56,40.6,,,44.36,,,,,,,,,,,,,,,
340364,,,,,,,,,,,7.72,,59.81,8.36,40.19,,,80.39,,,,,,,,,,,,,,,,,,,,18.92,,55.98,16.6,44.02,,8.49,61.0,,,,,,,,,,,,,,,
340382,,,,,,,,,,,18.63,,67.08,26.71,32.92,,,49.07,,,,,,,,,,,,,,,,,,,,21.74,8.7,70.11,43.48,29.89,,,31.52,,,,,,,,,,,,,,,
340446,,,,,,,,,,,,,,,,,,,,,,,,,,,,,,,,,,,,,,19.12,,76.47,22.06,23.53,,,50.0,,,,,,,,,,,,,,,
340454,,,,,,,,,,,13.11,,58.35,10.03,41.65,6.68,,67.35,,,,,,,,,,,,,,,,,,,,49.02,,47.06,18.3,52.94,6.54,7.19,22.88,,,,,,,,,,,,,,,
340460,,,,,,,,,,,16.98,,60.38,52.83,39.62,,,22.64,,,,,,,,,,,,,,,,,,,,35.58,,67.31,46.15,32.69,,,12.5,,,,,,,,,,,,,,,
340486,,,,,,,,,,,,,,,,,,,,,,,,,,,,,,,,,,,,,,44.66,,55.34,38.83,44.66,,14.56,10.68,,,,,,,,,,32.24,61.84,29.61,38.16,,30.92
340488,,,,,,,,,,,,,,,,,,,,,,,,,,,,,,,,,,,,,,,,,,,,,,18.18,13.64,65.91,73.48,34.09,,,,,,,,,,
340495,,,,,,,,,,7.5,5.16,,60.47,5.0,39.53,5.0,,79.06,,,,,,,,,,,,,,,,,,,,13.24,,49.26,11.76,50.74,,11.76,65.44,,,,,,,,,,,,,,,
340496,,,,,,,,,,5.0,10.98,,57.48,7.94,42.52,5.0,,73.83,,,,,,,,,,,,,,,,,,,12.28,29.82,10.53,33.33,25.44,66.67,,,27.19,,,,,,,,,,,,,,,
340542,,,,,,,,,,,,,45.0,,55.0,,,66.67,,,,,,,,,,,,,,,,,,,,20.44,,70.72,19.34,29.28,,6.63,56.35,,,,,,,,,,,,,,,
340556,,,,,,,,,,6.9,7.81,,58.98,8.59,41.02,5.0,,72.27,,,,,,,,,,,,,,,,,,,8.47,13.76,,47.09,10.58,52.91,,9.52,61.9,,,,,,,,,,,,,,,
34D000,,,68.42,52.63,,,,,,,,,,,,,,,,,,,,,,,,,,,,,,,,,,,,,,,,,,,,,,,,,,,,,,,,
34H000,,,64.86,,35.14,,,90.54,,,,,,,,,,,,,,,,,,,,,,48.84,,51.16,,,90.7,,,,,,,,,,,,,,,,,,,,,,,,,
350308,,,,,,,,,,,,,57.66,12.61,42.34,,,76.58,,,,,,,,,,,,,,,,,,,,13.97,,37.99,23.14,62.01,,7.86,59.39,,,,,,,,,,,,,,,
350317,,,,,,,,,,,,,,,,,,,,,,,,,,,,,,,,,,,,,,24.86,,62.98,18.23,37.02,7.73,,45.86,,,,,,,,,,,,,,,
350321,,,,,,,,,,,18.09,,60.3,8.04,39.7,,,68.84,,,,,,,,,,,,,,,,,,,,27.56,,36.44,9.78,63.56,5.0,13.33,56.89,,,,,,,,,,,,,,,
350336,,,,,,,,,,,14.86,,66.22,16.22,33.78,,,66.22,,,,,,,,,,,,,,,,,,,,28.91,,61.72,16.41,38.28,,,50.0,,,,,,,,,,,,,,,
360310,,,,,,,,,,,19.48,,55.84,25.97,44.16,,,50.0,,,,,,,,,,,,,,,,,,,5.0,40.33,5.0,50.56,22.49,49.44,5.02,13.01,29.37,,,,,,,,,,,,,,,
360336,,,,,,,,,,,,,59.68,,40.32,,,69.35,,,,,,,,,,,,,,,,,,,,23.6,,36.33,8.61,63.67,,21.35,65.54,,,,,,,,,,,,,,,
360337,,,,,,,,,,,,,,,,,,,,,,,,,,,,,,,,,,,,,,6.54,,66.36,16.36,33.64,,,72.43,,,,,,,,,,,,,,,
360360,,,,,,,,,,,,,56.36,,43.64,,,90.91,,,,,,,,,,,,,,,,,,,,6.9,,53.45,5.0,46.55,,13.79,85.52,,,,,,,,,,,,,,,
360372,,,,,,,,,,,,,,,,,,,,,,,,,,,,,,,,,,,,,,,,,,,,,,,,,,72.73,,36.36,60.61,,,,,,,
360378,,,,,,,,,,,7.73,,68.51,,31.49,,,80.11,,,,,,,,,,,,,,,,,,,5.0,16.57,,60.0,5.0,40.0,5.43,14.0,69.71,,,,,,,,,,,,,,,
360390,,,,,,,,,,,,,61.21,10.34,38.79,,,76.72,,,,,,,,,,,,,,,,,,,,7.43,,44.59,8.45,55.41,,12.5,79.05,,,,,,,,,,,,,,,
360396,,,,,,,,,,5.0,10.78,,55.02,9.29,44.98,,,72.49,,,,,,,,,,,,,,,,,,,,18.3,5.0,45.98,10.71,54.02,5.0,12.05,66.07,,,,,,,,,,,,,,,
360418,,,,,,,,,,6.29,8.0,,52.0,13.14,48.0,,,69.14,,,,,,,,,,,,,,,,,,,6.77,11.98,,60.42,13.02,39.58,,,64.06,,,,,,,,,,,,,,,
360428,,,,,,,,,,,36.59,,63.41,24.39,36.59,,8.13,34.15,,,,,,,,,,,,,,,,,,,,41.73,6.47,50.6,24.46,49.4,5.0,16.31,29.74,,,,,,,,,,,,,,,
360470,,,,,,,,,,,,,61.34,10.92,38.66,,,75.63,,,,,,,,,,,,,,,,,,,,12.24,,49.18,11.76,50.82,5.0,14.59,70.59,,,,,,,,,,,,,,,
360494,,,,,,,,,,5.46,,,58.02,5.0,41.98,,,86.01,,,,,,,,,,,,,,,,,,,5.0,7.18,,43.1,5.0,56.9,,10.63,81.9,,,,,,,,,,,,,,,
36B000,,,55.56,,44.44,,,77.78,,,,,,,,,,,,,,,,,,,,14.86,,48.65,,51.35,,,71.62,,,,,,,,,,,,,,,,,,,,,,,,,
36C000,,12.5,53.29,7.24,46.71,,,68.42,,,,,,,,,,,,,,,,,,,,,,,,,,,,,,,,,,,,,,,,,,,,,,,,,,,,
370312,,,,,,,,,,,,,,,,,,,,,,,,,,,,,,,,,,,,,,25.87,,58.21,,41.79,,5.0,65.67,,,,,,,,,,,,,,,
380308,,,64.52,,35.48,,,87.1,,,,,,,,,,,,,,,,,,14.91,,,,54.66,,45.34,,9.32,81.99,,,,,,,,,,,,,,,,,,,,,,,,,
390322,,,,,,,,,,,20.83,,47.92,,52.08,,,60.42,,,,,,,,,,,,,,,,,,,,34.25,,50.68,,49.32,,,54.79,,,,,,,,,,,,,,,
390323,,,,,,,,,,,,,,,,,,,,,,,,,,,,,,,,,,,,,,27.8,,71.71,21.95,28.29,,,47.32,,,,,,,,,,,,,,,
390324,,,,,,,,,,,52.38,,,,71.43,,,,,,,,,,,,,,,,,,,,,,,63.79,,31.03,13.22,68.97,,20.69,18.97,,,,,,,,,,,,,,,
390352,,,,,,,,,,,14.29,,62.14,12.86,37.86,,,67.14,,,,,,,,,,,,,,,,,,,,23.46,,52.16,14.2,47.84,5.0,12.35,56.48,,,,,,,,,,,,,,,
390700,,,,,,,,,,,,,60.76,16.46,39.24,,,72.15,,,,,,,,,,,,,,,,,,,,,,58.33,,41.67,,,72.22,,,,,,,,,,,,,,,
39A000,,,41.38,,58.62,,,93.1,,,,,,,,,,,,,,,,,,,,,,,,,,,92.31,,,,,,,,,,,,,,,,,,,,,,,,,
39B000,,,,,,,,,,,,,,,,,,,,,56.18,,43.82,,83.15,,,,,,,,,,,,,,,,,,,,,,,52.17,,47.83,,,78.26,,,,,,,
400308,,,,,,,,,,,22.73,,43.18,,56.82,,,59.09,,,,,,,,,,,,,,,,,,,,36.22,7.05,48.4,26.6,51.6,,,35.26,,,,,,,,,,,,,,,
400315,,,,,,,,,,,,,,,,,,,,,,,,,,,,,,,,,,,,,,18.13,,61.88,41.88,38.13,,,38.75,,,,,,,,,,,,,,,
40304,,,,,,,,,,,,,,,,,,,,,,,,,,,,,,,,,,,,,5.81,30.23,,64.53,,35.47,,,57.56,,,,,,,,,,,,,,,
40306,,,,,,,,,,,,,,,,,,,,,,,,,,,,,,,,,,,,,,58.4,5.0,41.85,5.76,58.15,5.0,10.78,30.08,,,,,,,,,,,,,,,
410319,,,,,,,,,,,62.16,,59.46,,40.54,,,,,,,,,,,,,,,,,,,,,,6.09,67.51,7.61,54.82,11.17,45.18,5.58,13.2,9.14,,,,,,,,,,,,,,,
410326,,,,,,,,,,,,,,,,,,,,,,,,,,,,,,,,,,,,,,85.19,,95.0,,,,,,,,,,,,,,,,,,,,
410355,,,,,,,,,,,76.16,,59.6,16.56,40.4,,,,,,,,,,,,,,,,,,,,,,,86.21,5.0,72.8,7.66,27.2,,6.51,,,,,,,,,,,,,,,,
410358,,,,,,,,,,9.21,39.47,,62.5,11.18,37.5,,,34.21,,,,,,,,,,,,,,,,,,,5.0,42.51,,38.87,17.81,61.13,5.0,9.31,30.77,,,,,,,,,,,,,,,
410390,,,,,,,,,,,43.28,,70.15,,29.85,,,40.3,,,,,,,,,,,,,,,,,,,,43.48,,66.09,,33.91,,,40.0,,,,,,,,,,,,,,,
410391,,,,,,,,,,,,,,,,,,,,24.14,74.14,,25.86,,56.9,,,,,,,,,,,,,,,,,,,,,,,,,,,,,,,,,,,
410394,,,,,,,,,,5.0,14.31,,54.17,5.45,45.83,5.0,,70.53,,,,,,,,,,,,,,,,,,,,60.11,,49.18,7.65,50.82,,12.57,27.32,,,,,,,,,9.5,11.17,55.31,,44.69,7.26,69.27
410395,,,,,,,,,,38.0,,,61.0,,39.0,,,45.0,,,,,,,,,,,,,,,,,,,44.44,,,48.48,,51.52,,,43.43,,,,,,,,,,,,,,,
410399,,,,,,,,,,,,,,,,,,,,,,,,,,,,,,,,,,,,,,50.83,,70.83,17.5,29.17,,,20.83,,,,,,,,,,,,,,,
410401,,,,,,,,,,,,,,,,,,,,,,,,,,,,,,,,,,,,,7.92,30.2,,54.95,19.31,45.05,5.45,5.94,37.13,,,,,,,,,,,,,,,
410406,,,,,,,,,,16.16,18.52,,53.54,12.46,46.46,5.0,,49.16,,,,,,,,,,,,,,,,,,,18.52,25.93,13.58,30.86,29.63,69.14,,14.81,23.46,,,,,,,,,13.27,10.2,56.12,,43.88,,62.24
410407,,,,,,,,,,,50.0,,63.16,26.32,36.84,,,,,,,,,,,,,,,,,,,,,,,46.81,,63.83,30.85,36.17,,,12.77,,,,,,,,,,,,,,,
410408,,,,,,,,,,,,,,,,,,,,,,,,,,,,,,,,,,,,,12.78,33.83,,51.13,24.81,48.87,,,23.31,,,,,,,,,,,,,,,
410483,,,,,,,,,,,,,,,,,,,,,,,,,,,,,,,,,,,,,,84.21,,,,95.0,,,,,,,,,,,,,,,,,,
410484,,,,,,,,,,,39.34,,61.48,22.13,38.52,,,29.51,,,,,,,,,,,,,,,,,,,,53.45,6.03,58.62,18.1,41.38,,15.09,23.71,,,,,,,,,,,,,,,
410489,,,,,,,,,,5.0,9.67,,53.02,5.18,46.98,5.0,,78.76,,,,,,,,,,,,,,,,,,,,15.79,,62.11,11.05,37.89,,,65.79,,,,,,,,,,,,,,,
410490,,,,,,,,,,8.9,5.0,,53.98,5.15,46.02,5.0,,77.99,,,,,,,,,,,,,,,,,,,5.83,7.92,,57.92,5.0,42.08,5.0,,76.67,,,,,,,,,,,,,,,
410508,,,,,,,,,,5.51,18.57,,52.57,9.38,47.43,5.0,,63.05,,,,,,,,,,,,,,,,,,,18.49,36.3,15.75,34.93,13.7,65.07,,7.53,30.14,,,,,,,,,,12.97,57.0,12.97,43.0,5.0,68.26
410529,,,,,,,,,,17.75,17.75,,53.99,9.06,46.01,5.0,,51.81,,,,,,,,,,,,,,,,,,,11.66,27.8,,68.61,17.04,31.39,,,39.46,,,,,,,,,,,,,,,
410544,,,,,,,,,,15.08,51.4,,67.6,27.37,32.4,,,,,,,,,,,,,,,,,,,,,,,56.0,,,40.0,68.0,,,,,,,,,,,,14.29,41.67,64.29,36.9,35.71,,
410545,,,,,,,,,,27.63,38.16,,48.68,30.26,51.32,,,,,,,,,,,,,,,,,,,,,,15.07,51.37,,48.63,28.08,51.37,,7.53,,,,,,,,,,,,,,,,
410547,,,,,,,,,,,22.53,,59.73,5.0,40.27,5.0,,64.85,,,,,,,,,,,,,,,,,,,,23.89,,42.77,6.19,57.23,5.0,14.75,64.6,,,,,,,,,,,,,,,
410556,,,,,,,,,,9.29,30.0,,69.29,22.14,30.71,7.14,,31.43,,,,,,,,,,,,,,,,,,,8.46,31.35,9.4,59.87,31.97,40.13,5.33,8.46,22.57,,,,,,,,,,,,,,,
410562,,,,,,,,,,15.82,16.23,,53.55,10.55,46.45,5.0,,52.33,,,,,,,,,,,,,,,,,,,12.88,23.84,5.0,49.86,9.86,50.14,5.0,5.0,48.49,,,,,,,,,,,,,,,
410569,,,,,,,,,,32.84,34.33,,53.73,,46.27,,,16.42,,,,,,,,,,,,,,,,,,,25.88,43.53,,47.06,11.76,52.94,,,16.47,,,,,,,,,,,,,,,
410579,,,,,,,,,,,38.67,,69.33,21.33,30.67,,,24.0,,,,,,,,,,,,,,,,,,,7.89,44.21,,64.74,16.84,35.26,7.37,,22.11,,,,,,,,,,,,,,,
410589,,,,,,,,,,,19.57,,75.0,7.07,25.0,,,63.04,,,,,,,,,,,,,,,,,,,,,,85.71,,,,,57.14,,,,,,,,,,,,,,,
410595,,,,,,,,,,7.12,25.39,,57.59,10.84,42.41,5.26,,51.08,,,,,,,,,,,,,,,,,,,,47.47,6.57,59.6,16.16,40.4,,11.62,29.8,,,,,,,,,,,,,,,
41F000,,53.33,73.33,,,,,,,,,,,,,,,,,,,,,,,,,50.98,,52.94,,47.06,,,27.45,,,,,,,,,,,,,,,,,,,,,,,,,
41G000,,,64.58,,35.42,,,86.46,,,,,,,,,,,,,,,,,,,,,,,,,,,95.0,,,,,,,,,,,,,,,,,,,,,,,,,
41K000,,,,,,,,,,,21.28,,51.06,,48.94,,,62.77,,,,,,,,,,,,,,,,,,,,,,,,,,,,,,,,,,,,,,,,,,
420346,,,,,,,,,,,,,,,,,,,,,,,,,,,,,,,,,,,,10.48,,82.86,,44.76,,55.24,,11.43,,,,,,,,,,,,,,,,
420358,,,,,,,,,,,,,,,,,,,,,,,,,,,,,,,,,,,,,,94.62,,58.06,,41.94,,,,,,,,,,,,,,,,,,
421316,,,,,,,,,,,,,66.36,,33.64,,,87.27,,,,,,,,,,,,,,,,,,,,20.0,,49.15,5.0,50.85,5.0,8.94,70.64,,,,,,,,,,,,,,,
421336,,,,,,,,,,,,,,,,,,,,,,,,,,,,,,,,,,,,,,39.71,,48.53,,51.47,,,48.53,,,,,,,,,,,,,,,
422310,,,,,,,,,,,68.75,,87.5,,,,,,,,,,,,,,,,,,,,,,,,,84.21,,74.44,,25.56,,,8.27,,,,,,,,,,,,,,,
422315,,,,,,,,,,,,,,,,,,,,,,,,,,,,,,,,,,,,,,95.0,,42.11,,57.89,,,,,,,,,,,,,,,,,,
430341,,,,,,,,,,,,,,,,,,,,,,,,,,,,,,,,,,,,,,30.26,,67.11,21.05,32.89,,,34.21,,,,,,,,,,,,,,,
430345,,,,,,,,,,,,,,,,,,,,,,,,,,,,,,,,,,,,,,,,,,,,,,44.12,,,,82.35,,,,,,,,,,
430346,,,,,,,,,,,11.23,,66.31,17.65,33.69,5.35,,62.57,,,,,,,,,,,,,,,,,,,,13.82,5.0,51.4,21.38,48.6,,5.62,61.56,,,,,,,,,,,,,,,
430371,,,,,,,,,,,32.0,,68.0,12.0,32.0,10.67,,42.67,,,,,,,,,,,,,,,,,,,5.0,32.63,5.0,46.36,16.67,53.64,7.7,5.18,40.06,,,,,,,,,,,,,,,
430378,,,,,,,,,,,,,47.41,13.33,52.59,,,74.81,,,,,,,,,,,,,,,,,,,,19.33,5.33,48.0,20.5,52.0,5.0,7.33,53.67,,,,,,,,,,,,,,,
430384,,,,,,,,,,,13.16,,57.89,14.91,42.11,,,64.91,,,,,,,,,,,,,,,,,,,,13.32,5.0,51.74,18.53,48.26,5.41,5.0,60.04,,,,,,,,,,,,,,,
440326,,,,,,,,,,,,,,,,,,,,,,,,,,,,,,,,,,,,,,,,33.33,,66.67,,,90.48,,,,,,,,,,,,,,,
440346,,,,,,,,,,,,,,,,,,,,,,,,,,,,,,,,,,,,,,,,62.98,6.63,37.02,,,86.19,,,,,,,,,,,,,,,
440378,,,,,,,,,,,,,62.69,,37.31,,,94.03,,,,,,,,,,,,,,,,,,,,,,55.46,6.19,44.54,,7.37,92.33,,,,,,,,,,,,,,,
440390,,,,,,,,,,,,,54.43,,45.57,,,88.61,,,,,,,,,,,,,,,,,,,,,,40.87,8.22,59.13,,5.94,87.67,,,,,,,,,,,,,,,
450316,,,,,,,,,,,,,59.85,12.88,40.15,,,82.58,,,,,,,,,,,,,,,,,,,,,5.56,43.52,26.85,56.48,5.0,13.27,67.28,,,,,,,,,,,,,,,
450334,,,,,,,,,,,,,55.56,7.07,44.44,,,86.36,,,,,,,,,,,,,,,,,,,,,,52.59,22.96,47.41,,9.63,63.7,,,,,,,,,,,,,,,
450341,,,,,,,,,,,,,50.71,20.71,49.29,7.86,,67.14,,,,,,,,,,,,,,,,,,,,,5.08,31.47,24.87,68.53,,16.75,71.07,,,,,,,,,,,,,,,
450343,,,,,,,,,,,,,,,,,,,,,,,,,,,,,,,,,,,,,,,,,,,,,,,,44.83,,55.17,,,62.07,,,,,,,
450352,,,,,,,,,,,,,59.28,,40.72,,,91.02,,,,,,,,,,,,,,,,,,,,,5.0,38.08,9.88,61.92,,11.05,83.72,,,,,,,,,,,,,,,
450354,,,,,,,,,,,,,,,,,,,,,,,,,,,,,,,,,,,,,,,,56.37,29.41,43.63,5.88,,59.8,,,,,,,,,,,,,,,
460320,,,,,,,,,,,,,,,,,,,,,,,,,,,,,,,,,,,,,,85.83,,57.08,,42.92,,10.0,10.83,,,,,,,,,,,,,,,
460322,,,,,,,,,,,,,,,,,,,,,,,,,,,,,,,,,,,,,,56.25,,67.61,,32.39,,,34.09,,,,,,,,,,,,,,,
460340,,,,,,,,,,,,,,,,,,,,,,,,,,,,,,,,,,,,,,83.72,,58.14,,41.86,,,,,,,,,,,,,,,,,,
470312,,,,,,,,,6.37,,29.96,,50.56,25.09,49.44,7.49,,27.34,,,,,,,,,,,,,,,,,,10.24,,38.41,5.0,57.28,23.18,42.72,7.28,10.65,20.08,,,,,,,,,,,,,,,
470342,,,,,,,,,,,,,,,,,,,,,,,,,,,,,,,,,,,,,,,,,,,,,,57.89,,,,73.68,,,,,,,,,,
470443,,,,,,,,,,,,,,,,,,,,,,,,,,,,,,,,,,,,5.0,,25.21,,61.16,24.38,38.84,8.26,,34.3,,,,,,,,,,,,,,,
480316,,,,,,,,,,,,,,,,,,,,,,,,,,,,,,,,77.42,,,83.87,,,,,,,,,,,,,,,,,,,,,,,,,
480318,,,,,,,,,,,,,,,,,,,,,,,,,,,,,,,,,,,,,,,,,,,,,,29.49,,52.56,14.1,47.44,,17.95,55.13,,,,,,,
49,5.1,,60.2,,39.8,,,88.1,,,,,,,,,,,,,,,,,,,,,,65.22,,34.78,,,86.96,,,,,,,,,,,,,,,,,,,,,,,,,
490307,,,,,,,,,,,,,,,,,,,,,,,,,,,,,,,,,,,,,,,,58.7,16.3,41.3,,,67.39,,,,,,,,,,,,,,,
490310,,,,,,,,,,,,,,,,,,,,,,,,,,,,,,68.0,,,,,95.0,,,,,,,,,,,,,,,,,,,,,,,,,
490320,,,,,,,,,,,,,,,,,,,,,,,,,,,,,,,,,,,,,6.02,10.19,,49.07,11.11,50.93,5.0,,66.67,,,,,,,,,,,,,,,
490335,,,,,,,,,,5.0,5.0,,52.4,5.0,47.6,5.0,,87.73,,,,,,,,,,,,,,,,,,,5.0,5.0,,48.6,7.13,51.4,,7.34,82.07,,,,,,,,,,,,,,,
490346,,,,,,,,,,,,,54.21,,45.79,,,88.79,,,,,,,,,,,,,,,,,,,,6.77,,41.67,15.1,58.33,,6.25,75.0,,,,,,,,,,,,,,,
490350,,,,,,,,,,,,,,,,,,,,,,,,,,,,28.57,,31.43,,68.57,,,40.0,,,,,,,,,,,,,,,,,,,,,,,,,
490354,,,,,,,,,,,21.33,,68.67,14.67,31.33,7.33,,53.33,,,,,,,,,,,,,,,,,,,,43.82,7.57,58.17,24.3,41.83,6.37,5.58,23.11,,,,,,,,,,,,,,,
490355,,,,,,,,,,,,,,,,,,,,,,,,,,,,,,,,,,,,,8.05,17.24,,72.41,12.64,27.59,,,58.62,,,,,,,,,,,,,,,
490362,,,,,,,,,,5.0,5.31,,54.19,8.66,45.81,,,80.73,,,,,,,,,,,,,,,,,,,,8.96,,58.21,9.7,41.79,,6.72,76.12,,,,,,,,,7.19,5.0,57.49,8.38,42.51,,79.64
490380,,,,,,,,,,,8.26,,57.02,,42.98,,,82.64,,,,,,,,,,,,,,,,,,,,12.9,,56.13,13.55,43.87,,7.74,69.68,,,,,,,,,,,,,,,
491312,,,,,,,,,,5.0,6.47,,54.74,6.68,45.26,5.0,,78.88,,,,,,,,,,,,,,,,,,,5.0,12.26,5.0,50.81,10.38,49.19,5.0,7.82,71.56,,,,,,,,,,,,,,,
49F000,,,59.18,,40.82,,,61.22,,,,,,,,,,,,,,,,,,,,,,43.33,,56.67,,,66.67,,,,,,,,,,,,,,,,,,,,,,,,,
500302,,,,,,,,,,,,,,,,,,,,,,,,,,,,,,,,,,,,,,,,,,,,,,,,53.49,,46.51,,,79.07,,,,,,,
500323,,,,,,,,,,,,,,,,,,,,,,,,,,,,,,,,,,,,,,,,62.31,8.46,37.69,,,75.38,,,,,,,,,,,,,,,
500324,,,,,,,,,,,,,,,,,,,,,,,,,,,,,,,,80.0,,,95.0,,,,,,,,,,,,,,,,,,,,,,,,,
500340,,,,,,,,,,,,,60.64,,39.36,,,86.17,,,,,,,,,,,,,,,,,,,,,,47.62,6.75,52.38,,5.95,84.92,,,,,,,,,,,,,,,
50302,,,,,,,,,,,,,67.89,,32.11,,,94.5,,,,,,,,,,,,,,,,,,,,,,47.52,7.18,52.48,,9.41,91.34,,,,,,,,,,,,,,,
50303,,,,,,,,,,,,,,,,,,,,,,,,,,,,,,,,,,,,,,,,68.33,,31.67,,,90.0,,,,,,,,,,,,,,,
510324,,,,,,,,,,,12.79,,57.36,7.75,42.64,,,73.64,,,,,,,,,,,,,,,,,,,,24.9,,57.79,16.35,42.21,5.0,10.84,52.66,,,,,,,,,,,,,,,
510325,,,,,,,,,,,,,,,,,,,,,,,,,,,,,,,,,,,,,,16.98,,65.09,31.13,34.91,,,49.06,,,,,,,,,,,,,,,
510327,,,,,,,,,,,,,61.29,8.06,38.71,,,82.26,,,,,,,,,,,,,,,,,,,,14.15,5.0,67.1,12.13,32.9,5.33,7.17,66.91,,,,,,,,,,,,,,,
510333,,,,,,,,,,,,,60.32,7.41,39.68,,,80.42,,,,,,,,,,,,,,,,,,,5.0,9.74,5.0,54.33,13.34,45.67,5.0,7.21,72.96,,,,,,,,,,,,,,,
510367,,,,,,,,,,,,,,,,,,,,,,,,,,,,,,,,,,,,,,10.82,,66.67,39.83,33.33,5.0,,41.99,,,,,,,,,,,,,,,
510368,,,,,,,,,,,,,,,,,,95.0,,,,,,,,,,,,,,,,,,,,10.37,5.0,63.9,19.09,36.1,,9.96,65.98,,,,,,,,,,,,,,,
510376,,,,,,,,,,,,,,,,,,,,,64.71,,,,88.24,,,,,,,,,,,,,,,,,,,,,9.89,,71.43,10.99,28.57,,6.59,74.18,,,,,,,
510399,,,,,,,,,,,15.58,,68.83,45.45,31.17,,,35.06,,,,,,,,,,,,,,,,,,,,26.54,13.67,45.84,45.04,54.16,5.0,15.82,22.52,,,,,,,,,,,70.11,34.48,29.89,,49.43
510402,,,,,,,,,,,,,76.0,,,,,84.0,,,,,,,,,,,,,,,,,,,,8.86,5.0,51.38,22.44,48.62,5.0,12.4,64.96,,,,,,,,,,,,,,,
510406,,,,,,,,,,,7.93,,60.98,7.32,39.02,,,79.88,,,,,,,,,,,,,,,,,,,,10.57,5.67,47.68,22.94,52.32,5.0,10.82,61.86,,,,,,,,,,,,,,,
51A000,,,62.71,,37.29,,,84.75,,,,,,,,,,,,,,,,,,,,,,,,,,,,,,,,,,,,,,,,,,,,,,,,,,,,
520320,,,,,,,,,,,,,66.67,,,,,61.9,,,,,,,,,,,,,,,,,,,,44.55,,57.73,7.73,42.27,,10.91,45.0,,,,,,,,,,,,,,,
530306,,,,,,,,,,,,,,,,,,,,,,,,,,,,,,,,,,,,,,,,,,,,,,62.5,,,,75.0,,,,,,,,,,
530335,,,,,,,,,,,,,,,,,,,,,,,,,,,,,,,,,,,,,,11.79,,61.14,48.47,38.86,,,33.19,,,,,,,,,,,,,,,
530336,,,,,,,,,,,8.14,,68.6,19.77,31.4,,,66.28,,,,,,,,,,,,,,,,,,,,13.78,7.87,42.32,33.46,57.68,5.0,7.48,47.05,,,,,,,,,,,59.38,43.75,40.63,,37.5
530343,,,,,,,,,,,15.2,,61.6,26.4,38.4,,,48.8,,,,,,,,,,,,,,,,,,,,18.02,5.77,44.86,33.87,55.14,5.0,6.49,41.08,,,,,,,,,,,,,,,
540315,,,,,,,,,,,,,,,,,,,,,,,,,,,,,,,,,,,,,,94.06,,56.44,,43.56,,7.92,,,,,,,,,,,93.62,76.6,,23.4,,
540317,,,,,,,,,,,,,,,,,,,,,,,,,,,,,,,,,,,,,,29.2,,66.42,13.14,33.58,,,52.55,,,,,,,,,,,,,,,
540324,,,,,,,,,,,18.6,,53.49,17.44,46.51,,,61.63,,,,,,,,,,,,,,,,,,,,36.35,,49.31,15.13,50.69,5.0,6.88,46.37,,,,,,,,,,,,,,,
540336,,,,,,,,,,,,,,,,,,,,,,,,,,,,,,,,,,,,,,13.43,5.0,50.11,16.63,49.89,5.0,10.66,65.67,,,,,,,,,,,,,,,
550308,,,,,,,,,,,,,,,,,,,,,,,,,,,,,,,,,,,,,,,,,,,,,,,,,,,,,83.33,,,,,,,
550320,,,,,,,,,,,,,50.99,5.0,49.01,5.0,,87.35,,,,,,,,,,,,,,,,,,,,5.0,,58.26,5.0,41.74,5.51,8.99,85.22,,,,,,,,,,,,,,,
550332,,,,,,,,,,,10.58,,66.14,22.75,33.86,5.82,,59.79,,,,,,,,,,,,,,,,,,,,14.0,,69.6,26.8,30.4,8.0,5.0,50.0,,,,,,,,,,,,,,,
550344,,,,,,,,,,,,,54.52,5.02,45.48,5.0,,88.29,,,,,,,,,,,,,,,,,,,,,,58.92,6.76,41.08,,,87.57,,,,,,,,,,,,,,,
550368,,,,,,,,,,,,,61.48,9.63,38.52,,,88.15,,,,,,,,,,,,,,,,,,,,,,60.82,8.25,39.18,,5.15,87.29,,,,,,,,,,,,,,,
55A000,,,55.73,8.4,44.27,,,84.73,,,,,,,,,,,,,,,,,,,,,,54.14,10.19,45.86,,,80.89,,,,,,,,,,,,,,,,,,,,,,,,,
560320,,,,,,,,,,,,,55.91,,44.09,,,90.32,,,,,,,,,,,,,,,,,,,,,5.0,36.98,16.67,63.02,,8.07,79.95,,,,,,,,,,,,,,,
560324,,,54.55,,45.45,,,72.73,,,,,,,,,,,,,,,,,,,,,,39.29,,60.71,,,83.93,,,,,,,,,,,,,,,,,,,,,,,,,
560329,,,,,,,,,,,,,,,,,,,,,,,,,,,,,,,,,,,,,,,,55.78,25.85,44.22,,,69.39,,,,,,,,,,,,,,,
560332,,,,,,,,,,,,,,,,,,,,,,,,,,,,,,63.16,,,,,95.0,,,,,,,,,,,,,,,,,,,,,,,,,
560350,,,,,,,,,,,,,,,,,,,,,,,,,,,,,,,,,,,,,,,,,,,,,,,,,,84.21,,,78.95,,,,,,,
570317,,,,,,,,,,,,,,,,,,,,,,,,,,,,,,,,,,,,,,,,54.15,,45.85,,6.55,95.0,,,,,,,,,,,,,,,
570318,,,,,,,,,,,,,73.17,,26.83,,,95.0,,,,,,,,,,,,,,,,,,,,,,48.21,5.0,51.79,,10.42,93.81,,,,,,,,,,,,,,,
580344,,,,,,,,,,,,,,,,,,,,,,,,,,,,,,,,,,,,,,,,,,,,,,64.18,,65.67,,34.33,,,31.34,,,,,,,
580368,,,,,,,,,,,,,,,,,,,,,,,,,,,,,,,,,,,,,,39.09,,70.05,6.09,29.95,,7.11,49.75,,,,,,,,,,,,,,,
58B000,,,,,,,,,,,,,,,,,,,,,,,,,,,,,,,,,,,,,,,,,,,,,,,,40.34,,59.66,,8.4,95.0,,,,,,,
590326,,,,,,,,,,,,,,,,,,,,,,,,,,,,,,,,,,,,,,,,60.87,,,,,78.26,,,,,,,,,,,,,,,
590328,,,,,,,,,,,,,,,,,,,,,,,,,,,,,,,,,,,,,,,,60.0,18.89,40.0,,,75.93,,,,,,,,,,,,,,,
590330,,,,,,,,,,,,,63.22,5.75,36.78,,,88.51,,,,,,,,,,,,,,,,,,,,,5.0,46.92,9.69,53.08,5.0,9.03,85.02,,,,,,,,,,,,,,,
600302,,,,,,,,,,32.75,6.11,5.0,54.44,5.58,45.56,5.0,5.0,53.32,,,,,,,,,,,,,,,,,,,18.44,7.54,,36.87,10.89,63.13,,5.0,60.06,,,,,,,,,,,,,,,
600312,,,,,,,,,,5.0,5.0,,59.18,7.91,40.82,5.0,,83.76,,,,,,,,,,,,,,,,,,,,7.72,,47.15,6.5,52.85,,,80.49,,,,,,,,,,,,,,,
600334,,,,,,,,,,,57.14,,71.43,,28.57,,,,,,,,,,,,,,,,,,,,,,9.05,53.02,,69.83,14.66,30.17,5.6,,15.95,,,,,,,,,,,,,,,
600361,,,,,,,,,,8.44,15.09,,63.17,19.44,36.83,5.0,,53.45,,,,,,,,,,,,,,,,,,,8.03,21.9,10.22,48.91,23.36,51.09,,,40.88,,,,,,,,,,,,,,,
600364,,,,,,,,,,,,,74.36,64.1,25.64,,,,,,,,,,,,,,,,,,,,,,,,,,,,,,,,,,,,,,,,,,,,,
600377,,,,,,,,,,13.08,26.16,,53.16,14.35,46.84,,,43.88,,,,,,,,,,,,,,,,,,,,,,44.83,,55.17,,,51.72,,,,,,,,,9.51,31.79,58.15,26.9,41.85,5.0,28.53
600386,,,,,,,,,,,50.65,,83.12,28.57,16.88,,,,,,,,,,,,,,,,,,,,,,,56.25,,75.0,,25.0,,,,,,,,,,,,,,,,,,
600397,,,,,,,,,,16.36,40.0,9.7,55.76,37.58,44.24,,,,,,,,,,,,,,,,,,,,,,7.51,44.51,21.97,60.12,40.46,39.88,,8.67,5.78,,,,,,,,,,,,,,,
600404,,,,,,,,,,,,,46.88,34.38,53.13,,,40.63,,,,,,,,,,,,,,,,,,,7.87,23.6,,53.37,23.6,46.63,,,42.13,,,,,,,,,,,,,,,
600405,,,,,,,,,,9.79,47.55,7.69,50.35,37.06,49.65,,,,,,,,,,,,,,,,,,,,,,5.14,62.62,10.75,28.04,28.5,71.96,,8.88,,,,,,,,,,,58.97,61.54,28.21,38.46,,
600415,,,,,,,,,,,23.38,,55.84,12.34,44.16,7.14,,52.6,,,,,,,,,,,,,,,,,,,,46.39,,63.92,12.37,36.08,,,29.9,,,,,,,,,,,,,,,
600426,,,,,,,,,,6.61,18.39,,60.92,20.98,39.08,5.17,,48.85,,,,,,,,,,,,,,,,,,,7.57,19.92,,30.68,24.3,69.32,5.0,6.77,43.43,,,,,,,,,,,,,,,
600443,,,,,,,,,,,,,75.76,,24.24,,,75.76,,,,,,,,,,,,,,,,,,,6.96,11.3,,64.78,6.52,35.22,5.65,,68.7,,,,,,,,,,,,,,,
600445,,,,,,,,,,15.45,43.01,,58.87,8.35,41.13,5.43,,27.77,,,,,,,,,,,,,,,,,,,11.18,45.39,,53.29,11.18,46.71,,,26.32,,,,,,,,,,,,,,,
600457,,,,,,,,,,,61.31,,67.88,25.55,32.12,,,,,,,,,,,,,,,,,,,,,,,40.96,13.25,39.76,45.78,60.24,,,,,,,,,,,,,,,,,,
600466,,,,,,,,,,5.0,7.37,,52.91,5.47,47.09,5.0,,80.26,,,,,,,,,,,,,,,,,,,,17.36,,52.08,7.64,47.92,,,69.44,,,,,,,,,5.0,5.0,61.44,5.0,38.56,5.0,90.93
600480,,,,,,,,,,5.91,42.36,,65.52,19.7,34.48,,,28.57,,,,,,,,,,,,,,,,,,,,48.39,,45.16,,54.84,,,,,,,,,,,,7.41,39.92,60.91,14.4,39.09,5.0,33.33
600482,,,,,,,,,,,,,,,,,,,,33.85,77.44,6.67,22.56,8.21,49.23,,,,,,,,,,,,,,,,,,,,,,,,,,,,,,,,,,,
600490,,,,,,,,,,13.03,35.73,,54.38,20.0,45.62,5.0,,28.76,,,,,,,,,,,,,,,,,,,5.0,42.26,8.71,46.77,27.42,53.23,5.0,6.77,20.97,,,,,,,,,,,,,,,
600496,,,,,,,,,,5.9,62.81,,53.74,24.04,46.26,,,5.0,,,,,,,,,,,,,,,,,,,8.74,63.39,,44.81,20.77,55.19,,,,,,,,,,,,,,,,,,
600498,,,,,,,,,,,,,,,,,,,,,,,,,,,,,,,,,,,,,,60.78,,62.75,21.57,37.25,,19.61,,,,,,,,,,,,,,,,
600499,,,,,,,,,,,,,73.33,,,,,66.67,,,,,,,,,,,,,,,,,,,,24.19,,56.45,,43.55,,,58.06,,,,,,,,,,,,,,,
600508,,,,,,,,,,16.46,5.0,,56.79,5.0,43.21,5.0,,72.84,,,,,,,,,,,,,,,,,,,9.56,8.09,,36.76,,63.24,,,74.26,,,,,,,,,,,,,,,
600535,,,,,,,,,,5.0,13.31,5.0,57.22,23.23,42.78,5.0,5.0,56.29,,,,,,,,,,,,,,,,,,,,21.08,9.42,37.67,32.74,62.33,5.83,8.07,36.77,,,,,,,,,,,,,,,
600567,,,,,,,,,,,35.19,,29.63,24.07,70.37,,,35.19,,,,,,,,,,,,,,,,,,,7.66,39.23,,48.8,20.57,51.2,5.0,,27.75,,,,,,,,,,,,,,,
600569,,,,,,,,,,,,,,,,,,,,,,,,,,,,,,,,,,,,,,51.06,,68.09,25.53,31.91,,,,,,,,,,,,,,,,,,
600576,,,,,,,,,,8.23,76.58,,57.59,10.13,42.41,,,,,,,,,,,,,,,,,,,,,,,86.96,,64.35,,35.65,,13.04,,,,,,,,,,,79.03,72.58,,27.42,,
600579,,,,,,,,,,12.12,49.49,,55.56,18.18,44.44,9.09,,10.61,,,,,,,,,,,,,,,,,,,6.98,50.78,12.02,26.36,29.84,73.64,5.0,12.02,8.14,,,,,,,,,,,,,,,
600582,,,,,,,,,,,,,,,,,,,,,60.0,,,,70.0,,,,,,,,,,,,,,,,,,,,,,,,,,,,,,,,,,,
600592,,,,,,,,,,,51.81,,75.9,37.35,24.1,,,,,,,,,,,,,,,,,,,,,,,81.25,,78.13,,,,,,,,,,,,,,,,,,,,
600594,,,,,,,,,,,20.41,,51.02,,48.98,,,57.14,,,,,,,,,,,,,,,,,,,10.3,35.15,,58.79,7.27,41.21,,,44.85,,,,,,,,,,,,,,,
60302,,,,,,,,,,,,,65.52,,34.48,,,89.66,,,,,,,,,,,,,,,,,,,,,,42.13,8.12,57.87,,9.64,88.83,,,,,,,,,,,,,,,
60700,,,,,,,,,,,,,59.57,,40.43,,,95.0,,,,,,,,,,,,,,,,,,,,,,65.22,,34.78,,,94.2,,,,,,,,,,,,,,,
60701,,,,,,,,,,,,,,,,,,,,,,,,,,,,,,,,,,,,,,,,,,78.95,,,84.21,,,,,,,,,,,,,,,
60B000,,92.0,68.0,,,,,,,,,,,,,,,,,,,,,,,,,93.33,,80.0,,,,,,,,,,,,,,,,,,,,,,,,,,,,,,
60D000,5.99,11.04,57.73,5.0,42.27,5.0,,75.71,,,,,,,,,,,,,,,,,,,,,,58.33,,41.67,,,84.38,,,,,,,,,,,,,,,,,,,,,,,,,
60G000,,,54.55,,45.45,,,79.55,,,,,,,,,,,,,,,,,,,,,,51.72,,48.28,,,75.86,,,,,,,,,,,,,,,,,,,,,,,,,
60I000,,,55.43,,44.57,5.0,5.0,87.64,,,,,,,,,,,,,,,,,,,,,,,,,,,,,,,,,,,,,,,,,,,,,,,,,,,,
60S000,,26.53,63.27,,36.73,,,55.1,,,,,,,,,,,,,,,,,,,,24.0,,52.0,,48.0,,,60.0,,,,,,,,,,,,,,,,,,,,,,,,,
610332,,,,,,,,,,,,,,,,,,,,,,,,,,,,,,,,,,,,,,,,59.46,20.72,40.54,,,77.48,,,,,,,,,,,,,,,
610334,,,,,,,,,,,,,61.9,,38.1,,,83.33,,,,,,,,,,,,,,,,,,,,,,43.22,6.59,56.78,,6.96,91.21,,,,,,,,,,,,,,,
620316,,,,,,,,,,,,,52.38,61.9,47.62,,,,,,,,,,,,,,,,,,,,,,,9.36,8.37,54.68,58.13,45.32,,,30.05,,,,,,,,,,,,,,,
620340,,,,,,,,,,,,,,,,,,,,,,,,,,,,,,,,,,,,,,23.46,,56.79,11.73,43.21,,7.41,57.41,,,,,,,,,,,,,,,
620350,,,,,,,,,,,,,,,,,,,,,,,,,,,,,,,,,,,,,,15.12,,63.37,29.65,36.63,,,48.26,,,,,,,,,,,,,,,
630332,,,,,,,,,,,,,59.09,34.85,40.91,,,62.12,,,,,,,,,,,,,,,,,,,,,5.0,53.28,31.15,46.72,,8.61,61.89,,,,,,,,,,,,,,,
630336,,,,,,,,,,5.0,5.0,,56.16,5.64,43.84,5.0,,83.09,,,,,,,,,,,,,,,,,,,5.0,13.57,,47.56,10.14,52.44,5.0,5.0,70.49,,,,,,,,,,,,,,,
630360,,,,,,,,,,,,,57.06,,42.94,,,84.66,,,,,,,,,,,,,,,,,,,,7.9,,52.05,8.46,47.95,5.0,6.35,77.57,,,,,,,,,,,,,,,
640342,,,,,,,,,,,,,,,,,,,,,,,,,,,,,,,,,,,,,,60.0,,53.33,,46.67,,,,,,,,,,,,,,,,,,
640346,,,,,,,,,,,20.0,,58.57,,41.43,,,68.57,,,,,,,,,,,,,,,,,,,,38.58,,54.86,5.77,45.14,5.0,8.14,50.66,,,,,,,,,,,,,,,
640347,,,,,,,,,,,,,,,,,,,,,,,,,,,,,,,,,,,,,,29.46,,61.0,14.94,39.0,5.0,,47.3,,,,,,,,,,,,,,,
640350,,,,,,,,,,,22.73,,62.73,,37.27,,,65.45,,,,,,,,,,,,,,,,,,,,38.79,,44.17,6.73,55.83,5.0,6.28,48.88,,,,,,,,,,,,,,,
640361,,,,,,,,,,,44.44,,61.11,,38.89,,,44.44,,,,,,,,,,,,,,,,,,,,74.46,,49.64,5.06,50.36,,8.19,17.11,,,,,,,,,,,65.12,,34.88,,79.07
640364,,,,,,,,,,,,,61.11,,38.89,,,66.67,,,,,,,,,,,,,,,,,,,,19.83,5.0,62.29,28.21,37.71,5.0,7.26,48.32,,,,,,,,,,,,,,,
64A000,,,,,,,,,,,,,,,,,,,,,,,,,,,,70.59,,58.82,,,,,,,,,,,,,,,,,,,,,,,,,,,,,,
650326,,,,,,,,,,5.0,5.0,,55.01,10.32,44.99,,,79.94,,,,,,,,,,,,,,,,,,,5.0,14.95,5.0,48.75,11.92,51.25,5.0,8.54,66.55,,,,,,,,,,,,,,,
650327,,,,,,,,,,,,,62.26,5.0,37.74,,,87.74,,,,,,,,,,,,,,,,,,,5.0,11.37,,52.16,9.41,47.84,5.1,8.82,70.2,,,,,,,,,,,,,,,
650340,,,,,,,,,,,,,,,,,,,,,,,,,,,,,,,,,,,,,10.43,,,56.52,12.17,43.48,,,66.96,,,,,,,,,,,,,,,
650342,,,,,,,,,,5.0,,,53.66,5.0,46.34,5.0,,87.24,,,,,,,,,,,,,,,,,,,5.0,8.09,,41.08,8.92,58.92,5.0,8.92,76.76,,,,,,,,,,,71.59,,28.41,,85.23
650352,,,,,,,,,,,5.0,,54.83,9.18,45.17,5.0,,81.64,,,,,,,,,,,,,,,,,,,,22.43,5.0,45.91,13.72,54.09,5.0,7.92,58.84,,,,,,,,,,,,,,,
650394,,,,,,,,,,,,,,,,,,,,,,,,,,,,,,,,,,,,,,21.94,,60.65,9.68,39.35,,,61.94,,,,,,,,,,,,,,,
650395,,,,,,,,,,,,,,,,,,,,,,,,,,,,,,,,,,,,,,,,55.56,,44.44,,,58.33,,,,,,,,,,,,,,,
660336,,,,,,,,,,,,,,,,,,,,,,,,,,,,,,,,,,,,,,90.99,,35.14,,64.86,,12.61,,,,,,,,,,,,,,,,
660400,,,,,,,,,,,,,,,,,,,,,,,,,,,,,,,,,,,,,,78.63,,59.83,,40.17,,,12.82,,,,,,,,,,,,,,,
66A000,,71.02,59.09,9.66,40.91,,,14.2,,,,,,,,,,,,,,,,,,,,,,,,,,,,,,,,,,,,,,,,,,,,,,,,,,,,
670300,,,,,,,,,,,21.57,,39.22,,60.78,,,52.94,,,,,,,,,,,,,,,,,,,,12.38,,54.29,14.29,45.71,,,67.62,,,,,,,,,,,,,,,
670320,,,,,,,,,,,,,59.7,,40.3,,,80.6,,,,,,,,,,,,,,,,,,,,6.78,,44.35,9.6,55.65,6.78,12.43,75.14,,,,,,,,,,,,,,,
670324,,,,,,,,,,,,,57.58,15.15,42.42,,,70.71,,,,,,,,,,,,,,,,,,,5.0,24.43,,40.87,14.84,59.13,5.48,7.76,52.05,,,,,,,,,,23.26,62.79,10.85,37.21,,57.36
670333,,,,,,,,,,10.04,26.16,,65.23,18.64,34.77,6.45,,37.28,,,,,,,,,,,,,,,,,,,6.29,36.79,,55.03,18.55,44.97,6.6,14.78,31.13,,,,,,,,,,,,,,,
670340,,,,,,,,,,,12.2,,68.29,7.8,31.71,5.37,,72.68,,,,,,,,,,,,,,,,,,,,10.83,,50.43,15.1,49.57,6.27,12.25,66.38,,,,,,,,,,,,,,,
670344,,,,,,,,,,,,,62.71,,37.29,,,66.1,,,,,,,,,,,,,,,,,,,,20.08,5.0,43.1,8.79,56.9,7.11,15.48,62.76,,,,,,,,,,,,,,,
670352,,,,,,,,,,,,,62.16,,37.84,9.91,,77.48,,,,,,,,,,,,,,,,,,,,5.57,,44.31,9.93,55.69,7.99,9.44,74.58,,,,,,,,,,,,,,,
670364,,,,,,,,,,,17.31,,63.46,20.19,36.54,,,51.92,,,,,,,,,,,,,,,,,,,,22.76,,42.3,9.89,57.7,10.34,12.41,54.71,,,,,,,,,,,,,,,
680310,,,,,,,,,,,,,52.94,12.83,47.06,,,76.47,,,,,,,,,,,,,,,,,,,,9.06,8.33,56.16,34.78,43.84,,12.32,50.36,,,,,,,,,,,65.98,16.49,34.02,,75.26
680332,,,,,,,,,,,6.35,,57.14,11.51,42.86,,,77.38,,,,,,,,,,,,,,,,,,,,14.44,5.0,48.4,19.52,51.6,5.0,12.3,62.57,,,,,,,,,,,,,,,
681305,,,,,,,,,,7.28,5.0,,52.56,11.32,47.44,6.47,,71.43,,,,,,,,,,,,,,,,,,,,,,33.93,,66.07,,23.21,62.5,,,,,,,,,,,,,,,
681308,,,,,,,,,,15.23,5.0,,51.43,8.6,48.57,7.39,,64.86,,,,,,,,,,,,,,,,,,,,,,31.4,11.63,68.6,,,65.12,,,,,,,,,,,,,,,
681314,,,,,,,,,,24.53,5.0,,54.69,6.35,45.31,7.36,,56.85,,,,,,,,,,,,,,,,,,,16.67,9.65,,35.96,13.16,64.04,,9.65,52.63,,,,,,,,,,,,,,,
68A000,,,53.73,,46.27,,,77.61,,,,,,,,,,,,,,,,,,,,,,57.14,,42.86,,,82.14,,,,,,,,,,,,,,,,,,,,,,,,,
690320,,,,,,,,,,,,,47.92,,52.08,,,77.08,,,,,,,,,,,,,,,,,,,,16.11,,47.87,7.58,52.13,6.16,7.11,69.67,,,,,,,,,,,,,,,
69A000,,,,,,,,,,,,,,,,,,,,,,,,,,,,,,57.14,,42.86,,,76.19,,,,,,,,,,,,,,,,,,,,,,,,,
700317,,,,,,,,,,,35.71,,71.43,,,,,53.57,,,,,,,,,,,,,,,,,,,,47.06,,63.97,8.82,36.03,9.56,9.56,34.56,,,,,,,,,,,,,,,
700319,,,,,,,,,,,30.56,,66.67,,33.33,,,44.44,,,,,,,,,,,,,,,,,,,,25.93,,34.39,8.47,65.61,,7.41,57.14,,,,,,,,,,,,,,,
700325,,,,,,,,,,,,,,,,,,,,,,,,,,,,,,,,,,,,,,22.73,,75.0,,25.0,,,52.27,,,,,,,,,,,,,,,
70311,,,,,,,,,,,,,,,,,,,,,,,,,,,,,,,,,,,,,,14.77,,67.05,26.7,32.95,,,54.55,,,,,,,,,,,,,,,
70330,,,,,,,,,,,,,,,,,,,,,,,,,,,,,,,,,,,,,,15.85,5.0,49.19,12.2,50.81,,7.72,70.33,,,,,,,,,,,,,,,
70339,,,,,,,,,,,,,,,,,,,,,,,,,,,,,,,,,,,,,,29.17,,49.48,13.54,50.52,,11.46,54.69,,,,,,,,,,,,,,,
70342,,,,,,,,,,,14.06,,59.38,,40.63,,,78.13,,,,,,,,,,,,,,,,,,,,25.78,5.0,49.01,16.43,50.99,5.0,9.07,53.26,,,,,,,,,,,,,,,
70A000,,,,,,,,,,,,,,,,,,,,,,,,,,,,,,,,,,,,,,,,,,,,,,15.96,,52.13,,47.87,,,73.4,,,,,,,
710321,,,,,,,,,,,,,58.0,28.0,42.0,,,62.0,,,,,,,,,,,,,,,,,,,,20.73,5.0,36.28,23.48,63.72,,10.67,53.35,,,,,,,,,,,,,,,
710326,,18.92,66.22,,33.78,,,68.92,,,,,,,,,,,,,,,,,,,,36.11,5.0,43.89,14.17,56.11,5.0,12.78,45.28,,,,,,,,,,,,,,,,,,,,,,,,,
710327,,,,,,,,,,,,,,,,,,,,,,,,,,,,,,,,,,,,,,8.28,,65.68,15.38,34.32,,,73.37,,,,,,,,,,,,,,,
710342,,,,,,,,,,,,,55.25,7.78,44.75,5.0,,84.05,,,,,,,,,,,,,,,,,,,,5.0,,51.45,6.38,48.55,5.0,5.8,87.25,,,,,,,,,,,,,,,
720316,,,,,,,,,,,,,,,,,,76.92,,,,,,,,,,,,,,,,,,,,16.18,,68.21,,31.79,,5.78,79.77,,,,,,,,,,,,,,,
730350,,,,,,,,,,,,,,,,,,,,,,,,,,,,,,,,,,,,,,24.65,,54.93,11.97,45.07,7.04,,55.63,,,,,,,,,,,,,,,
730352,,,,,,,,,,,16.42,,53.73,11.19,46.27,,,64.93,,,,,,,,,,,,,,,,,,,,32.35,,43.67,8.36,56.33,5.39,11.46,52.96,,,,,,,,,,,,,,,
73B000,,,,,,,,,,,,,,,,,,,,8.62,56.9,,43.1,,85.34,,,,,,,,,,,,,,,,,,,,,,,65.96,,34.04,,,89.36,,,,,,,
740309,,,,,,,,,,,,,52.17,,47.83,,,80.43,,,,,,,,,,,,,,,,,,,,36.63,5.0,49.71,12.21,50.29,,5.52,48.26,,,,,,,,,,,,,,,
740333,,,,,,,,,,6.54,6.86,,49.35,6.21,50.65,5.0,,76.14,,,,,,,,,,,,,,,,,,,5.0,12.93,5.0,45.48,9.81,54.52,5.0,5.92,71.5,,,,,,,,,,,,,,,
740344,,,,,,,,,,,25.0,,50.0,,50.0,,,70.31,,,,,,,,,,,,,,,,,,,,48.47,,50.51,8.81,49.49,,,39.66,,,,,,,,,,,,,,,
740366,,,,,,,,,,8.06,13.98,,51.34,5.65,48.66,5.0,,68.82,,,,,,,,,,,,,,,,,,,,42.36,,47.99,5.0,52.01,5.0,5.0,47.45,,,,,,,,,,,,,,,
740374,,,,,,,,,,,26.92,,61.54,34.62,38.46,,,34.62,,,,,,,,,,,,,,,,,,,,39.3,6.61,42.8,29.96,57.2,,,29.57,,,,,,,,,,,,,,,
740388,,,,,,,,,,,30.54,,53.29,,46.71,,,56.89,,,,,,,,,,,,,,,,,,,,49.9,5.0,50.52,5.0,49.48,5.0,5.0,40.29,,,,,,,,,,,,,,,
740500,,,,,,,,,,,,,,,,,,,,,,,,,,,,,,,,,,,,,,29.89,,71.26,33.33,28.74,,,31.8,,,,,,,,,,,,,,,
750317,,,,,,,,,,,,,,,,,,,,,,,,,,,,,,,,,,,,,,,,64.91,,35.09,,,82.46,,,,,,,,,,,,,,,
750318,,,,,,,,,,,,,59.74,,40.26,,,89.61,,,,,,,,,,,,,,,,,,,,5.0,5.0,43.95,12.42,56.05,5.0,7.01,79.62,,,,,,,,,,,,,,,
760318,,,,,,,,,,,,,60.0,,40.0,,,75.0,,,,,,,,,,,,,,,,,,,,8.2,5.36,46.06,23.97,53.94,5.0,8.83,62.46,,,,,,,,,,,,,,,
760339,,,,,,,,,,,,,56.45,,43.55,,,88.71,,,,,,,,,,,,,,,,,,,,5.71,,45.66,13.7,54.34,5.0,6.85,75.57,,,,,,,,,,,,,,,
760348,,,,,,,,,,,,,54.65,15.12,45.35,,,77.91,,,,,,,,,,,,,,,,,,,,5.0,5.0,58.17,24.93,41.83,5.0,7.2,66.48,,,,,,,,,,,,,,,
760354,,,,,,,,,,,,,,,,,,,,,,,,,,,,,,,,,,,,,,5.0,,63.77,33.62,36.23,5.0,,57.39,,,,,,,,,,,,,,,
760358,,,,,,,,,,,,,57.39,10.8,42.61,,,86.93,,,,,,,,,,,,,,,,,,,,,5.0,44.37,17.41,55.63,,6.37,79.41,,,,,,,,,,,,,,,
760380,,,,,,,,,,13.51,,,61.26,9.91,38.74,,,71.17,,,,,,,,,,,,,,,,,,,12.16,,,57.43,8.78,42.57,,,68.92,,,,,,,,,,,,,,,
760382,,,,,,,,,,,,,,,,,,,,,,,,,,,,,,,,,,,,,,,,,,,,,,,,50.0,,50.0,,,88.0,,,,,,,
760388,,,,,,,,,,,,,59.38,,40.63,,,92.71,,,,,,,,,,,,,,,,,,,,,,45.57,5.0,54.43,,5.2,90.21,,,,,,,,,,,,,,,
761304,,,,,,,,,,,6.9,,62.64,37.93,37.36,,,47.7,,,,,,,,,,,,,,,,,,,,9.59,6.16,60.05,55.48,39.95,5.0,5.25,29.0,,,,,,,,,,,,,,,
76A000,,,56.79,,43.21,,,82.72,,,,,,,,,,,,,,,,,,,,,,69.23,6.51,30.77,,,89.35,,,,,,,,,,,,,,,,,,,,,,,,,
770348,,,,,,,,,,,9.63,,59.26,,40.74,,,81.48,,,,,,,,,,,,,,,,,,5.0,,27.29,5.0,57.24,9.0,42.76,5.0,6.47,56.12,,,,,,,,,,,,,,,
770349,,,,,,,,,,,,,,,,,,,,,,,,,,,,,,,,,,,,5.0,5.0,21.25,,69.23,18.68,30.77,5.0,,48.72,,,,,,,,,,,,,,,
770351,,,,,,,,,,,,,85.71,,,,,95.0,,,,,,,,,,,,,,,,,,,,44.29,,48.57,10.0,51.43,5.0,20.48,38.1,,,,,,,,,,,,,,,
780325,,,,,,,,,,,,,,,,,,,,,,,,,,,,,,,,,,,,31.58,,34.39,,54.04,5.0,45.96,5.0,8.42,25.26,,,,,,,,,,,,,,,
780342,,,,,,,,,21.07,5.04,11.87,,58.75,10.39,41.25,5.34,,46.29,,,,,,,,,,,,,,,,,,26.72,5.0,26.72,5.0,60.74,12.81,39.26,6.75,9.23,24.79,,,,,,,,,,,,,,,
780385,,,,,,,,,,,,,,,,,,,,,,,,,,,,,,,,,,,,30.68,,12.5,,64.2,27.27,35.8,,,24.43,,,,,,,,,,,,,,,
780391,,,,,,,,,32.5,,,,67.5,32.5,32.5,,,,,,,,,,,,,,,,,,,,,42.8,,15.91,8.33,53.03,29.17,46.97,5.0,6.44,6.82,,,,,,,,,,,,,,,
780401,,,,,,,,,,,,,67.65,38.24,32.35,,,29.41,,,,,,,,,,,,,,,,,,19.05,,23.25,10.64,59.94,33.89,40.06,5.32,5.0,18.49,,,,,,,,,,,,,,,
780402,,,,,,,,,,,,,,,,,,,,,,,,,,,,,,,,,,,,53.09,,31.44,,56.19,,43.81,7.22,13.4,5.15,,,,,,,,,,,,,,,
780420,,,,,,,,,89.66,,,,68.97,,31.03,,,,,,,,,,,,,,,,,,,,,86.18,,5.59,,58.72,5.0,41.28,5.0,5.1,5.0,,,,,,,,,,,,,,,
790314,,,,,,,,,,,,,55.37,,44.63,,,85.12,,,,,,,,,,,,,,,,,,,,6.04,,52.87,17.52,47.13,5.0,10.88,70.69,,,,,,,,,,,,,,,
790354,,,,,,,,,,,,,55.45,12.87,44.55,,,66.34,,,,,,,,,,,,,,,,,,,,20.0,,67.06,17.06,32.94,,8.24,55.29,,,,,,,,,,,,,,,
790366,,,,,,,,,,,,,73.33,,,,,80.0,,,,,,,,,,,,,,,,,,,,44.24,6.67,56.97,20.0,43.03,7.88,16.36,27.27,,,,,,,,,,26.87,59.7,,40.3,,53.73
790378,,,,,,,,,,,,,68.75,,31.25,,,87.5,,,,,,,,,,,,,,,,,,,,6.37,,60.48,6.37,39.52,5.0,9.28,81.43,,,,,,,,,,,,,,,
790379,,,,,,,,,,,,,,,,,,,,,,,,,,,,,,,,,,,,,,15.95,,57.81,17.94,42.19,5.0,,59.47,,,,,,,,,,,,,,,
800308,,,,,,,,,,,,,,,,,,,,,,,,,,,,,,,,,,,,,,,,,,,,,,50.0,,,,70.0,,,,,,,,,,
800340,,,,,,,,,,,,,63.57,,36.43,,,85.27,,,,,,,,,,,,,,,,,,,,5.0,,41.63,5.35,58.37,,13.26,87.91,,,,,,,,,,,,,,,
800361,,,,,,,,,,,,,61.39,9.41,38.61,,,81.68,,,,,,,,,,,,,,,,,,,,,5.0,50.86,15.97,49.14,,10.32,79.12,,,,,,,,,,,,,,,
800376,,,,,,,,,,,31.65,,59.49,16.46,40.51,,,43.04,,,,,,,,,,,,,,,,,,,,42.67,6.22,53.33,16.89,46.67,,10.67,33.33,,,,,,,,,,,,,,,
800394,,,,,,,,,,,,,,,,,,,,,,,,,,,,,,,,,,,,,,13.52,,66.39,35.25,33.61,,,47.13,,,,,,,,,,,,,,,
800396,,,,,,,,,,,11.04,,50.65,13.64,49.35,7.14,,66.23,,,,,,,,,,,,,,,,,,,,41.92,6.87,59.45,31.27,40.55,5.0,6.87,21.65,,,,,,,,,,,,,,,
800400,,,,,,,,,,,,,59.52,8.73,40.48,,,84.13,,,,,,,,,,,,,,,,,,,,6.3,5.0,48.49,15.62,51.51,5.0,11.23,74.79,,,,,,,,,,,,,,,
800408,,,,,,,,,,,7.14,,65.0,10.71,35.0,,,80.0,,,,,,,,,,,,,,,,,,,,12.24,5.0,47.66,19.01,52.34,5.0,8.85,64.84,,,,,,,,,,,,,,,
80311,,,,,,,,,,,,,,,,,,,,,,,,,,,,,,,,,,,,,,64.38,,63.7,,36.3,,,32.19,,,,,,,,,,,,,,,
80312,,,,,,,,,,,,,,,,,,,,,,,,,,,,,,,,,,,,,,84.83,,55.86,,44.14,,9.66,13.79,,,,,,,,,,,,,,,
810324,,,,,,,,,,,,,67.8,,32.2,,,84.75,,,,,,,,,,,,,,,,,,,,5.35,,45.6,10.06,54.4,5.0,15.09,79.25,,,,,,,,,,,,,,,
810340,,,,,,,,,,,,,68.52,,31.48,,,79.63,,,,,,,,,,,,,,,,,,,,14.42,,52.16,9.38,47.84,5.0,11.06,70.91,,,,,,,,,,,,,,,
810384,,,,,,,,,,,,,63.44,,36.56,,,80.65,,,,,,,,,,,,,,,,,,,,11.88,,50.55,5.8,49.45,5.0,8.56,76.52,,,,,,,,,,,,,,,
810385,,,,,,,,,,,,,,,,,,,,,,,,,,,,,,,,,,,,,,,,57.89,10.53,42.11,,,80.0,,,,,,,,,,,,,,,
810386,,,,,,,,,,,,,,,,,,,,,,,,,,,,,,,,,,,,,,,,,,,,,,,,42.31,,57.69,,,80.77,,,,,,,
81A000,5.67,6.19,53.09,5.67,46.91,,,78.87,,,,,,,,,,,,,,,,,,,,,,59.26,,40.74,,,81.48,,,,,,,,,,,,,,,,,,,,,,,,,
81B000,,,,,,,,,,,,,,,,,,,,,,,,,,,,,,57.14,,42.86,,,88.1,,,,,,,,,,,,,,,,,,,,,,,,,
820324,,,,,,,,,,,,,,,,,,,,,,,,,,,,,,,,,,,,,,12.99,,59.45,55.91,40.55,5.0,,26.38,,,,,,,,,,,,,,,
820348,,,,,,,,,,,,,73.33,,,,,,,,,,,,,,,,,,,,,,,,,12.44,,66.67,45.33,33.33,,6.22,38.22,,,,,,,,,,,,,,,
820349,,,,,,,,,,,,,,,,,,,,,,,,,,,,,,,,,,,,,,17.13,,39.78,25.41,60.22,,7.18,54.7,,,,,,,,,,,,,,,
820352,,,,,,,,,,,,,63.1,13.1,36.9,,,79.76,,,,,,,,,,,,,,,,,,,,5.0,,63.64,15.45,36.36,6.82,,71.36,,,,,,,,,,,,,,,
820388,,,,,,,,,,,,,,,,,,,,,,,,,,,,,,,,,,,,,,22.77,11.88,50.5,48.51,49.5,,,26.73,,,,,,,,,,,,,,,
821308,,,,,,,,,,,8.77,,61.4,15.79,38.6,,,61.4,,,,,,,,,,,,,,,,,,,,28.88,5.0,60.25,27.02,39.75,5.0,,36.02,,,,,,,,,,,,,,,
830316,,,,,,,,,,,,,,,,,,,,,,,,,,,,,,,,,,,,,,,,,,,,,,90.91,,,,,,,,,,,,,,
830343,,,,,,,,,13.21,,19.81,,58.49,,41.51,,,58.49,,,,,,,,,,,,,,,,,,16.76,,39.64,,49.19,,50.81,5.0,9.91,38.2,,,,,,,,,,,,,,,
830348,,,,,,,,,,,,,51.61,,48.39,,,58.06,,,,,,,,,,,,,,,,,,14.62,,18.71,,61.99,6.43,38.01,9.94,,46.2,,,,,,,,,,,,,,,
840302,,,,,,,,,,,,,,,,,,,,,,,,,,,,,,,,,,,,,,43.8,,62.81,8.26,37.19,9.09,,32.23,,,,,,,,,,,,,,,
840332,,,,,,,,,,,,,71.43,,,,,78.57,,,,,,,,,,,,,,,,,,,5.0,6.15,,47.9,,52.1,,11.33,85.76,,,,,,,,,,,,,,,
840356,,,,,,,,,,,,,52.63,,,,,89.47,,,,,,,,,,,,,,,,,,,,13.83,,42.44,7.72,57.56,,9.97,75.24,,,,,,,,,,,,,,,
840361,,,,,,,,,,,,,,,,,,,,,,,,,,,,,,,,,,,,,16.22,6.76,,64.86,15.54,35.14,,,56.76,,,,,,,,,,,,,,,
840368,,,,,,,,,,,,,60.71,,39.29,,,95.0,,,,,,,,,,,,,,,,,,,,,,43.79,10.65,56.21,,9.47,86.98,,,,,,,,,,,,,,,
84B000,,,,,,,,,,,,,,,,,,,6.73,,61.88,,38.12,,87.89,,,,,,,,,,,,,,,,,,,,,,,,,,,,,,,,,,,
850332,,,,,,,,,,,,,72.41,,,,,93.1,,,,,,,,,,,,,,,,,,,,,,62.5,,37.5,,11.72,89.06,,,,,,,,,,,,,,,
850352,,,,,,,,,,,,,50.0,,50.0,,,90.74,,,,,,,,,,,,,,,,,,,,8.6,,56.45,,43.55,,9.68,84.41,,,,,,,,,,,,,,,
850358,,,,,,,,,,,,,60.47,,39.53,,,90.7,,,,,,,,,,,,,,,,,,,,,,49.58,5.0,50.42,5.0,7.28,90.76,,,,,,,,,,,,,,,
850360,,,,,,,,,,,,,,,,,,,,,,,,,,,,,,,,,,,,,,,,64.25,,35.75,,,92.18,,,,,,,,,,,,,,,
860316,,,,,,,,,,,,,56.52,,43.48,,,92.39,,,,,,,,,,,,,,,,,,,,5.0,,47.16,12.84,52.84,,9.85,81.19,,,,,,,,,,,,,,,
860336,,,,,,,,,,,,,57.14,,42.86,,,91.07,,,,,,,,,,,,,,,,,,,,5.0,5.0,48.33,14.25,51.67,5.0,8.69,78.84,,,,,,,,,,,,,,,
860352,,,,,,,,,,,,,65.28,27.78,34.72,,,70.83,,,,,,,,,,,,,,,,,,,,,5.0,57.25,26.02,42.75,,5.0,72.12,,,,,,,,,,,,,,,
860354,,,,,,,,,,,,,,,,,,,,,,,,,,,,,,,,,,,,,,,,60.63,41.9,39.37,5.0,,52.38,,,,,,,,,,,,,,,
861308,,,,,,,,,,,,,76.56,,23.44,,,81.25,,,,,,,,,,,,,,,,,,,,,,57.81,25.0,42.19,,,64.06,,,,,,,,,,,,,,,
862312,,,,,,,,,,,,,64.62,,35.38,,,78.46,,,,,,,,,,,,,,,,,,,,6.94,,57.14,14.29,42.86,,5.71,73.06,,,,,,,,,,,,,,,
86T000,,,62.5,,,,,91.67,,,,,,,,,,,,,,,,,,,,,,71.43,,,,,92.86,,,,,,,,,,,,,,,,,,,,,,,,,
870314,,,,,,,,,20.0,,,,62.0,,38.0,,,68.0,,,,,,,,,,,,,,,,,,17.95,,,,47.69,,52.31,5.13,14.36,72.31,,,,,,,,,,,,,,,
880308,,,,,,,,,,,,,68.42,,31.58,,,86.32,,,,,,,,,,,,,,,,,,,,5.0,,47.75,6.18,52.25,6.18,7.02,81.74,,,,,,,,,,,,,,,
880320,,,,,,,,,,,,,,,,,,,,,,,,,,,,,,,,,,,,,,,,,,65.0,,,55.0,,,,,,,,,,,,,,,
880328,,,,,,,,,,,,,,,66.67,,,95.0,,,,,,,,,,,,,,,,,,,,,,35.51,,64.49,,14.49,95.0,,,,,,,,,,,,,,,
890304,,,,,,,,,,,,,,,,,,,,,,,,,,,,,,,,,,,,,,35.29,,55.88,15.69,44.12,,,45.1,,,,,,,,,,,,,,,
900311,,,,,,,,,,8.58,5.57,,60.32,5.0,39.68,,,79.35,,,,,,,,,,,,,,,,,,,6.1,6.44,,64.41,6.1,35.59,,,79.32,,,,,,,,,,,,,,,
900316,,,,,,,,,,,20.56,,55.14,28.97,44.86,,,45.79,,,,,,,,,,,,,,,,,,,,19.51,5.28,38.62,34.55,61.38,,13.01,42.28,,,,,,,,,,,,,,,
900336,,,,,,,,,,,25.3,,65.06,62.65,34.94,,,12.05,,,,,,,,,,,,,,,,,,,,26.52,22.73,35.98,62.5,64.02,,12.88,7.2,,,,,,,,,,,,,,,
900342,,,,,,,,,,5.0,6.98,,51.94,9.3,48.06,,,78.29,,,,,,,,,,,,,,,,,,,5.0,11.42,5.0,48.48,17.25,51.52,5.0,6.29,65.73,,,,,,,,,,,,,,,
900344,,,,,,,,,,,,,52.82,6.15,47.18,,,85.64,,,,,,,,,,,,,,,,,,,,6.71,,52.35,8.72,47.65,,5.37,81.88,,,,,,,,,,,,,,,
900348,,,,,,,,,,,,,56.83,,43.17,,,86.89,,,,,,,,,,,,,,,,,,,,,,60.0,,40.0,,,93.33,,,,,,,,,,,,,,,
900360,,,,,,,,,,5.0,15.81,,56.7,9.97,43.3,5.0,,66.67,,,,,,,,,,,,,,,,,,,5.0,17.8,,44.98,11.97,55.02,5.0,7.77,62.14,,,,,,,,,,,,,,,
900365,,,,,,,,,,,,,,,,,,,,,,,,,,,,,,,,,,,,,,,,,,,,,,,,,52.38,61.9,,,,,,,,,,
900366,,,,,,,,,,5.21,9.77,,51.14,10.1,48.86,,,72.31,,,,,,,,,,,,,,,,,,,6.32,5.75,,52.87,10.34,47.13,,,71.84,,,,,,,,,,,,,,,
900367,,,,,,,,,,,,,,,,,,,,,,,,,,,,,,,,,,,,,,8.45,,61.97,30.63,38.03,,,55.28,,,,,,,,,,,,,,,
900377,,,,,,,,,,11.86,5.0,,54.33,5.0,45.67,5.0,,78.53,,,,,,,,,,,,,,,,,,,7.11,5.0,,65.4,7.11,34.6,,,78.67,,,,,,,,,,,,,,,
900393,,,,,,,,,,15.71,5.0,,52.18,5.0,47.82,5.0,,73.47,,,,,,,,,,,,,,,,,,,9.0,5.0,,54.26,5.0,45.74,5.0,,79.56,,,,,,,,,22.12,,58.65,,41.35,9.62,61.54
90330,,,,,,,,,,,,,,,,,,,,,,,,,,,,,,,,,,,,,,42.97,5.0,57.57,11.62,42.43,5.0,5.41,38.92,,,,,,,,,,,,,,,
90368,,,,,,,,,,,,,55.32,29.79,44.68,,,53.19,,,,,,,,,,,,,,,,,,,,23.7,5.0,57.78,21.98,42.22,5.0,5.68,49.14,,,,,,,,,,,,,,,
90376,,,,,,,,,,,,,,,,,,,,,,,,,,,,,,,,,,,,,,34.78,,73.91,,26.09,,,36.96,,,,,,,,,,,,,,,
90A000,,,64.91,,35.09,,,83.33,,,,,,,,,,,,,,,,,,,,,,45.71,,54.29,,,91.43,,,,,,,,,,,,,,,,,,,,,,,,,
910368,,,,,,,,,,,,,,,,,,,,,,,,,,,,,,,,,,,,,,,,,,,,,,75.0,,,,81.25,,,,,,,,,,
910370,,,,,,,,,,,46.34,,63.41,25.61,36.59,,,15.85,,,,,,,,,,,,,,,,,,,,63.24,,43.38,18.38,56.62,,8.82,14.71,,,,,,,,,,,,,,,
910382,,,,,,,,,,,,,,,,,,,,,,,,,,,,,,,,,,,,,,42.33,,61.9,21.16,38.1,,,31.75,,,,,,,,,,,,,,,
91A000,,,59.26,,40.74,,,92.59,,,,,,,,,,,,,,,,,,,,,,55.88,,44.12,,,94.12,,,,,,,,,,,,,,,,,,,,,,,,,
91B000,,73.13,55.0,22.5,45.0,,,,,,,,,,,,,,,,,,,,,,,75.51,,57.14,20.41,42.86,,,,,,,,,,,,,,,,,,,,,,,,,,,,
920316,,,,,,,,,,15.38,5.0,,57.34,6.06,42.66,5.0,5.0,69.7,,,,,,,,,,,,,,,,,,,7.94,7.94,,48.81,12.9,51.19,5.0,8.73,67.46,,,,,,,,,,,,,,,
920317,,,,,,,,,,9.42,6.57,,56.63,6.79,43.37,5.0,,74.15,,,,,,,,,,,,,,,,,,,8.13,7.53,,62.65,8.43,37.35,,,73.49,,,,,,,,,,,,,,,
920318,,,,,,,,,,12.88,11.29,,58.03,9.06,41.97,5.25,,61.21,,,,,,,,,,,,,,,,,,,10.89,16.44,6.44,44.44,12.22,55.56,5.0,11.56,57.33,,,,,,,,,,,,,,,
920348,,,,,,,,,,5.0,6.86,,51.2,5.0,48.8,,5.0,83.41,,,,,,,,,,,,,,,,,,,,31.95,8.28,64.5,23.08,35.5,,10.65,38.46,,,,,,,,,,5.56,56.06,,43.94,,85.86
920368,,,,,,,,,,7.48,10.28,,51.56,14.49,48.44,5.0,5.0,63.24,,,,,,,,,,,,,,,,,,,5.0,14.85,8.18,33.64,28.18,66.36,5.15,12.73,46.97,,,,,,,,,,,,,,,
920386,,,,,,,,,,,,,61.76,,38.24,,,73.53,,,,,,,,,,,,,,,,,,,,,,65.38,,,,,80.77,,,,,,,,,,,,,,,
920411,,,,,,,,,,,21.76,,62.96,36.11,37.04,,,37.04,,,,,,,,,,,,,,,,,,,,33.18,6.87,49.53,35.07,50.47,5.0,14.45,27.01,,,,,,,,,,,,,,,
920412,,,,,,,,,,37.78,10.91,,54.89,5.0,45.11,5.0,5.0,41.97,,,,,,,,,,,,,,,,,,,37.04,27.41,,59.51,10.62,40.49,5.0,5.0,21.48,,,,,,,,,41.84,6.8,58.16,5.0,41.84,5.0,43.2
920428,,,,,,,,,,5.0,8.76,,58.02,11.07,41.98,5.0,,72.56,,,,,,,,,,,,,,,,,,,5.0,13.82,5.0,55.27,15.09,44.73,5.27,8.91,63.64,,,,,,,,,,,,,,,
920436,,,,,,,,,,,28.32,,64.03,17.6,35.97,,,47.96,,,,,,,,,,,,,,,,,,,,36.16,5.0,65.54,18.08,34.46,5.0,6.5,39.55,,,,,,,,,,27.78,67.09,12.39,32.91,5.56,50.43
920441,,,,,,,,,,42.32,5.0,5.0,53.62,5.0,46.38,5.0,5.0,45.07,,,,,,,,,,,,,,,,,,,43.46,7.59,,66.24,,33.76,5.0,,39.66,,,,,,,,,,,,,,,
920445,,,,,,,,,,5.0,10.08,,54.52,8.66,45.48,5.0,5.0,73.39,,,,,,,,,,,,,,,,,,,5.0,20.28,5.0,39.76,13.39,60.24,5.0,11.76,61.26,,,,,,,,,,,,,,,
920455,,,,,,,,,,5.0,6.48,,60.27,6.6,39.73,5.0,5.0,80.57,,,,,,,,,,,,,,,,,,,,7.2,,39.48,7.78,60.52,5.0,6.63,78.67,,,,,,,,,,,,,,,
920466,,,,,,,,,,5.0,38.62,,57.78,21.56,42.22,7.49,5.0,26.95,,,,,,,,,,,,,,,,,,,,45.75,8.96,42.45,29.72,57.55,5.66,12.74,16.98,,,,,,,,,,,,,,,
920473,,,,,,,,,,7.54,6.7,,57.06,8.13,42.94,5.0,,72.61,,,,,,,,,,,,,,,,,,,5.56,15.12,,41.05,10.49,58.95,5.0,5.86,64.81,,,,,,,,,,,,,,,
920495,,,,,,,,,,5.0,6.58,,55.14,7.54,44.86,5.0,5.0,77.64,,,,,,,,,,,,,,,,,,,,13.41,,43.84,18.48,56.16,5.0,7.25,60.87,,,,,,,,,,,,,,,
920500,,,,,,,,,,5.0,10.82,,53.29,10.03,46.71,5.0,,71.79,,,,,,,,,,,,,,,,,,,,29.41,,56.86,12.55,43.14,5.0,10.59,50.59,,,,,,,,,,8.66,67.53,10.82,32.47,5.0,71.86
920518,,,,,,,,,,,46.15,,66.15,18.46,33.85,,,26.15,,,,,,,,,,,,,,,,,,,,43.75,,65.63,25.0,34.38,,,25.0,,,,,,,,,,,,,,,
920526,,,,,,,,,,41.35,5.05,,53.54,5.0,46.46,5.0,,45.06,,,,,,,,,,,,,,,,,,,30.95,15.08,,66.67,,33.33,,11.11,42.86,,,,,,,,,,,,,,,
920528,,,,,,,,,,,,,,,,,,,,,,,,,,,,,,,,,,,,,,40.0,,,,84.0,,,,,,,,,,,,,,,,,,
920546,,,,,,,,,,5.13,26.07,,58.76,16.88,41.24,6.41,5.0,44.87,,,,,,,,,,,,,,,,,,,5.0,35.23,5.0,52.65,20.64,47.35,5.0,10.8,34.85,,,,,,,,,,,,,,,
920552,,,,,,,,,,5.0,7.58,,55.92,8.77,44.08,5.0,,76.54,,,,,,,,,,,,,,,,,,,,38.19,10.42,47.22,12.5,52.78,,11.81,43.06,,,,,,,,,,,,,,,
920556,,,,,,,,,,,,,,,,,,,,,,,,,,,,,,,,,,,,,,53.66,,34.15,,65.85,,,24.39,,,,,,,,,,,,,,,
920561,,,,,,,,,,,38.89,,57.41,20.37,42.59,,,27.78,,,,,,,,,,,,,,,,,,,,47.74,,53.55,31.61,46.45,,7.74,14.84,,,,,,,,,,,,,,,
920562,,,,,,,,,,,50.62,,57.61,23.87,42.39,,,20.99,,,,,,,,,,,,,,,,,,,,73.47,,66.33,17.35,33.67,,,,,,,,,,,,,,,,,,
920581,,,,,,,,,,,34.57,,55.56,33.33,44.44,,,16.05,,,,,,,,,,,,,,,,,,,,32.9,,37.66,32.47,62.34,,15.15,26.41,,,,,,,,,,,,,,,
920582,,,,,,,,,,,,,45.76,16.95,54.24,,,59.32,,,,,,,,,,,,,,,,,,,,,,,,,,,,,,,,,,,,,,,,,,
920583,,,,,,,,,,,,,,,,,,,,,,,,,,,,,,,,,,,,,18.81,23.76,,74.26,22.77,25.74,5.0,,29.37,,,,,,,,,,,,,,,
920585,,,,,,,,,,,,,,,,,,,,,,,,,,,,,,,,,,,,,,,,,,,,,,29.31,,,32.76,95.0,,,24.14,,,,,,,
920586,,,,,,,,,,,,,,,,,,,,46.81,95.0,,,,34.04,,,,,,,,,,,,,,,,,,,,,46.15,,95.0,21.54,,,,27.69,,,,,,,
920588,,,,,,,,,,5.0,12.64,,63.52,7.68,36.48,5.0,,73.92,,,,,,,,,,,,,,,,,,,5.0,18.34,5.0,49.42,10.42,50.58,5.0,7.34,65.25,,,,,,,,,,,,,,,
920595,,,,,,,,,,8.26,18.98,,60.63,6.5,39.37,5.0,,62.21,,,,,,,,,,,,,,,,,,,,20.99,,26.75,13.17,73.25,,11.52,60.08,,,,,,,,,,,,,,,
92F000,,,57.04,,42.96,,,81.48,,,,,,,,,,,,,,,,,,,,,,,,61.11,,,88.89,,,,,,,,,,,,,,,,,,,,,,,,,
92G000,,,66.07,,33.93,,,80.36,,,,,,,,,,,,,,,,,,,,,,78.95,,,,,84.21,,,,,,,,,,,,,,,,,,,,,,,,,
92K000,,,,,,,,,,29.14,,,52.32,5.3,47.68,5.0,,58.94,,,,,,,,,,,,,,,,,,,,,,,,,,,,,,,,,,,,,,,,,,
92P000,,,,,,,,,,,,,,,,,,,,,61.82,,38.18,,95.0,,,,,,,,,,,,,,,,,,,,,,,42.22,,57.78,,28.89,84.44,,,,,,,
92T000,36.0,,50.67,,49.33,,,44.0,,,,,,,,,,,,,,,,,,,41.67,,,58.33,,41.67,,,,,,,,,,,,,,,,,,,,,,,,,,,,
92U000,,,,,,,,,,,,,78.41,,21.59,,,75.0,,,,,,,,,,,,,,,,,,,,,,,,,,,,,,,,,,,,,,,,,,
930352,,,,,,,,,,,,,,,,,,,,,,,,,,,,,,,,,,,,,,73.96,,46.75,7.69,53.25,,15.38,9.47,,,,,,,,,,,,,,,
930360,,,,,,,,,,,,,,,,,,,,,,,,,,,,,,,,,,,,15.46,,45.36,,59.79,13.4,40.21,,,14.43,,,,,,,,,,,,,,,
930700,,,,,,,,,,,,,,,,,,,,,,,,,,,,,,,,,,,,,,,,57.14,,,,,52.38,,,,,,,,,,,,,,,
940316,,,,,,,,,,,,,,,,,,,,,,,,,,,,,,,,,,,,,,85.25,,59.02,,40.98,,,,,,,,,,,,,,,,,,
940330,,,,,,,,,,,,,,,,,,,,,,,,,,,,,,,,,,,,,,67.74,,64.52,,35.48,,,,,,,,,,,,,,,,,,
94Z000,,,,,,,,,,,,,,,,,,,,,,,,,,,,,,,,,,,,,,15.66,,54.22,10.84,45.78,6.02,,66.27,,,,,,,,,,,,,,,
950336,,,,,,,,,,,,,65.0,,35.0,5.0,,90.77,,,,,,,,,,,,,,,,,,,,,,51.58,5.61,48.42,,12.28,91.23,,,,,,,,,,,,,,,
950338,,,,,,,,,,,,,44.83,,55.17,,,95.0,,,,,,,,,,,,,,,,,,,,,,41.27,6.88,58.73,,14.29,90.48,,,,,,,,,,,,,,,
960324,,,,,,,,,,,,,45.56,,54.44,,,74.44,,,,,,,,,,,,,,,,,,,,14.51,,58.43,9.8,41.57,5.0,5.49,68.24,,,,,,,,,,,,,,,
960330,,,,,,,,,,,35.78,,64.22,12.84,35.78,,,45.87,,,,,,,,,,,,,,,,,,,,48.87,,57.91,11.86,42.09,5.0,8.47,34.46,,,,,,,,,,,,,,,
960335,,,,,,,,,,,93.33,,73.33,,,,,,,,,,,,,,,,,,,,,,,,,83.33,,62.22,,37.78,,,,,,,,,,,,,,,,,,
960372,,,,,,,,,,,,,,,,,,,,,,,,,,,,,,,,,,,,,,10.22,,54.01,10.95,45.99,,9.49,75.18,,,,,,,,,,,,,,,
960380,,,,,,,,,,,,,55.0,50.0,,,,,,,,,,,,,,,,,,,,,,,,30.18,7.44,40.04,31.19,59.96,5.0,8.05,36.22,,,,,,,,,,,,,,,
960386,,,,,,,,,,,,,,,,,,,,,,,,,,,,,,,,,,,,,,16.2,9.03,55.76,47.35,44.24,,10.28,32.71,,,,,,,,,,,,,,,
960490,,,,,,,,,,,,,,,,,,,,,,,,,,,,,,,,,,,,,,21.61,,61.44,31.36,38.56,,,41.53,,,,,,,,,,,,,,,
960700,,,,,,,,,,,,,,,,,,,,,,,,,,,,,,,,,,,,,,,,,,,,,,12.35,,62.55,7.82,37.45,5.0,5.35,71.6,,,,,,,
970320,,,,,,,,,,,,,52.17,,47.83,,,91.3,,,,,,,,,,,,,,,,,,,,,,54.15,6.83,45.85,,5.85,88.78,,,,,,,,,,,,,,,
970356,,,,,,,,,,,,,51.43,,48.57,,,80.0,,,,,,,,,,,,,,,,,,,,,5.0,39.73,8.38,60.27,5.0,9.46,87.3,,,,,,,,,,,,,,,
970388,,,,,,,,,,,,,46.55,,53.45,,,93.1,,,,,,,,,,,,,,,,,,,,,,47.24,7.04,52.76,,5.53,90.45,,,,,,,,,,,,,,,
970390,,,,,,,,,,,,,62.16,6.76,37.84,6.76,,77.03,,,,,,,,,,,,,,,,,,,,11.75,5.0,43.49,20.95,56.51,5.71,5.0,60.0,,,,,,,,,,,,,,,
970393,,,,,,,,,,,,,,,,,,,,,,,,,,,,,,,,,,,,,,,,62.23,24.46,37.77,,,69.53,,,,,,,,,,,,,,,
980318,,,,,,,,,,,,,50.0,,50.0,,,40.0,,,,,,,,,,,,,,,,,,,,41.41,,51.54,31.72,48.46,,9.69,24.23,,,,,,,,,,,,,,,
980336,,,,,,,,,,,13.13,,55.56,11.11,44.44,,,69.7,,,,,,,,,,,,,,,,,,,,40.77,,52.5,13.85,47.5,5.0,5.0,40.58,,,,,,,,,,,52.17,,47.83,,65.22
980342,,,,,,,,,,,22.82,,59.73,23.49,40.27,,,44.97,,,,,,,,,,,,,,,,,,,,35.17,,48.62,15.29,51.38,5.0,5.0,41.9,,,,,,,,,,,,,,,
980397,,,,,,,,,,,,,,,,,,,,,,,,,,,,,,,,,,,,,,37.19,,52.07,33.88,47.93,,,23.97,,,,,,,,,,,,,,,
980398,,,,,,,,,,,,,,,,,,,,,,,,,,,,,,,,,,,,,,37.23,,63.83,16.31,36.17,5.0,,41.13,,,,,,,,,,,,,,,
98B000,,51.56,45.31,,54.69,,,34.38,,,,,,,,,,,,,,,,,,,,,,,,,,,,,,,,,,,,,,,,,,,,,,,,,,,,
990322,,,,,,,,,,,,,69.84,,30.16,,,87.3,,,,,,,,,,,,,,,,,,,,,5.0,40.87,20.22,59.13,,9.78,76.74,,,,,,,,,,,,,,,
990326,,,,,,,,,,,,,,,,,,,,,,,,,,,,,,,,,,,,,,5.0,5.21,38.19,21.18,61.81,,15.63,72.57,,,,,,,,,,,,,,,
990332,,,,,,,,,,,,,,,,,,,,,,,,,,,,,,,,,,,,,,,,60.41,36.55,39.59,,5.08,58.88,,,,,,,,,,,,,,,
995330,,,42.5,,57.5,,,95.0,,,,,,,,,,,,,,,,,,,,,,39.36,8.78,60.64,5.0,5.32,87.5,,,,,,,,,,,,,,,,,,,,,,,,,
